referrer_id,referee_id,cluster_id
u_d0fd40511d,u_182c39a6f9,ring_0
u_d0fd40511d,u_beb6812898,ring_0
u_d0fd40511d,u_e11c2da9cf,ring_0
u_7bafed4a6d,u_9afc0d79a2,ring_1
u_7bafed4a6d,u_4d8fa44cde,ring_1
u_7bafed4a6d,u_be817711e0,ring_1
u_7bafed4a6d,u_099aa05580,ring_1
u_7bafed4a6d,u_21058763eb,ring_1
u_7bafed4a6d,u_ecc9c67081,ring_1
u_7bafed4a6d,u_2928833ae5,ring_1
u_7bafed4a6d,u_989b494b26,ring_1
u_7bafed4a6d,u_612f1d4fe4,ring_1
u_7bafed4a6d,u_e3c296b9fa,ring_1
u_56dce2a511,u_7f2c7a6082,ring_2
u_56dce2a511,u_104a3d229c,ring_2
u_56dce2a511,u_9dc90e9fac,ring_2
u_56dce2a511,u_5b6785d517,ring_2
u_56dce2a511,u_1db508b3c3,ring_2
u_56dce2a511,u_bbf29afce8,ring_2
u_56dce2a511,u_920f97546e,ring_2
u_56dce2a511,u_5eda414ee2,ring_2
u_56dce2a511,u_36e73dde35,ring_2
u_56dce2a511,u_67fcb0f33c,ring_2
u_56dce2a511,u_bfb477192d,ring_2
u_56dce2a511,u_36300e4ab8,ring_2
u_6408670429,u_8066d69e3f,ring_3
u_6408670429,u_132beba054,ring_3
u_6408670429,u_d8717f7659,ring_3
u_6408670429,u_400d365e16,ring_3
u_6408670429,u_29c5e6d9c0,ring_3
u_6408670429,u_ed7900bd53,ring_3
u_4f58b6dee4,u_938167939f,ring_4
u_4f58b6dee4,u_acf5377e4a,ring_4
u_4f58b6dee4,u_46f6f5258f,ring_4
u_4f58b6dee4,u_4051b3e4db,ring_4
u_4f58b6dee4,u_c88b8eeebd,ring_4
u_4f58b6dee4,u_8268a445cc,ring_4
u_4f58b6dee4,u_c81d540b2a,ring_4
u_4f58b6dee4,u_5175e09a1a,ring_4
u_4f58b6dee4,u_694263804e,ring_4
u_4f58b6dee4,u_aa055468d8,ring_4
u_7d3dbecf29,u_86b86b62a4,ring_5
u_7d3dbecf29,u_98b002a08d,ring_5
u_7d3dbecf29,u_82ed7c1683,ring_5
u_fffb66f139,u_78ee14e35f,ring_6
u_fffb66f139,u_286c1d6722,ring_6
u_fffb66f139,u_51b0eeb78f,ring_6
u_fffb66f139,u_1d79391758,ring_6
u_fffb66f139,u_dbd5f92b0a,ring_6
u_fffb66f139,u_505bd550eb,ring_6
u_fffb66f139,u_c4606f0a42,ring_6
u_fffb66f139,u_621bbbb067,ring_6
u_fffb66f139,u_1883207a17,ring_6
u_fffb66f139,u_d1af9704c5,ring_6
u_ba1015da4a,u_174dc111be,ring_7
u_ba1015da4a,u_c1e778c70b,ring_7
u_ba1015da4a,u_95e1933a27,ring_7
u_ba1015da4a,u_7446cd4aee,ring_7
u_ba1015da4a,u_1e5b7be8d4,ring_7
u_ba1015da4a,u_b2bf0eaf6b,ring_7
u_ba1015da4a,u_9f46901fdf,ring_7
u_8699f32dcf,u_07a3dbbba7,ring_8
u_8699f32dcf,u_81245d8a2a,ring_8
u_8699f32dcf,u_2fd42fbf44,ring_8
u_8699f32dcf,u_237953255d,ring_8
u_c207dd1240,u_415b7ccc92,ring_9
u_c207dd1240,u_205942caff,ring_9
u_c207dd1240,u_9ef24daf70,ring_9
u_c207dd1240,u_f8f14fc519,ring_9
u_c207dd1240,u_caf398517c,ring_9
u_c207dd1240,u_1c5a1387b4,ring_9
u_c207dd1240,u_7daf8d17d1,ring_9
u_c207dd1240,u_c3cdf76ab5,ring_9
u_c207dd1240,u_93b45b6523,ring_9
u_6aad02d17e,u_7464d7e0ff,ring_10
u_6aad02d17e,u_a52c65017c,ring_10
u_6aad02d17e,u_6ffed35d85,ring_10
u_6aad02d17e,u_19dc76c3ba,ring_10
u_6aad02d17e,u_ee98582190,ring_10
u_6aad02d17e,u_92ae689543,ring_10
u_741d58a766,u_76843f12d1,ring_11
u_741d58a766,u_e4da6c2b56,ring_11
u_741d58a766,u_f512ae27db,ring_11
u_741d58a766,u_c67ec179b0,ring_11
u_741d58a766,u_009715b06e,ring_11
u_87f9970bb6,u_8618b3f080,ring_12
u_87f9970bb6,u_d18005c8ac,ring_12
u_87f9970bb6,u_0e6f89c325,ring_12
u_87f9970bb6,u_466d5c850f,ring_12
u_87f9970bb6,u_6b025b005e,ring_12
u_87f9970bb6,u_879af303fe,ring_12
u_87f9970bb6,u_bbf4e48929,ring_12
u_87f9970bb6,u_5a9c1a4553,ring_12
u_d01d1915d5,u_7852148a1d,ring_13
u_d01d1915d5,u_5f77789f0e,ring_13
u_d01d1915d5,u_382f69735a,ring_13
u_d01d1915d5,u_f6b4ef3a1f,ring_13
u_d01d1915d5,u_edba807f00,ring_13
u_d01d1915d5,u_4b793159d4,ring_13
u_d01d1915d5,u_d026c74fa5,ring_13
u_d01d1915d5,u_bc23eaa594,ring_13
u_22da756027,u_3f3711db4a,ring_14
u_22da756027,u_b762597f94,ring_14
u_22da756027,u_f72d0fb689,ring_14
u_22da756027,u_b7ed1aa8f2,ring_14
u_c0e41c27b2,u_bb7e9ee9c3,ring_15
u_c0e41c27b2,u_e9552631fc,ring_15
u_c0e41c27b2,u_2038222ded,ring_15
u_b71572e951,u_5835066576,ring_16
u_b71572e951,u_d91f915673,ring_16
u_b71572e951,u_7232e8b234,ring_16
u_b71572e951,u_cb39242fd7,ring_16
u_f3df97b0fc,u_5b9b403f66,ring_17
u_f3df97b0fc,u_4f2ac9aba3,ring_17
u_f3df97b0fc,u_0074c40736,ring_17
u_f3df97b0fc,u_ce25841f2a,ring_17
u_f3df97b0fc,u_d209c76d84,ring_17
u_f3df97b0fc,u_2d3a04c992,ring_17
u_f3df97b0fc,u_6c24184efa,ring_17
u_f3df97b0fc,u_d2fbe9ed99,ring_17
u_f3df97b0fc,u_154a6f614e,ring_17
u_f3df97b0fc,u_67a8f9b78c,ring_17
u_e6abd44d91,u_9b636c4b82,ring_18
u_e6abd44d91,u_23e48d63d6,ring_18
u_e6abd44d91,u_ab98c2d7e4,ring_18
u_e6abd44d91,u_6e35bbb544,ring_18
u_db6900e67e,u_6e95adb134,ring_19
u_db6900e67e,u_47b44d9978,ring_19
u_db6900e67e,u_0e2fdb97e1,ring_19
u_db6900e67e,u_1be40aac99,ring_19
u_db6900e67e,u_f3ab112fe7,ring_19
u_db6900e67e,u_463514f029,ring_19
u_db6900e67e,u_a4ae6d3b3e,ring_19
u_db6900e67e,u_dd648768a8,ring_19
u_db6900e67e,u_6294c12398,ring_19
u_db6900e67e,u_9b207d17c2,ring_19
u_db6900e67e,u_acb3f025d8,ring_19
u_db1b19c7ac,u_1dc7440b93,ring_20
u_db1b19c7ac,u_45ef585d70,ring_20
u_db1b19c7ac,u_9743df252a,ring_20
u_db1b19c7ac,u_e16432b0aa,ring_20
u_db1b19c7ac,u_f416688159,ring_20
u_db1b19c7ac,u_cb1b9f0298,ring_20
u_f911510383,u_32ffbe99e1,ring_21
u_f911510383,u_c366ca1b08,ring_21
u_f911510383,u_a5b155f68b,ring_21
u_f911510383,u_d44508587c,ring_21
u_e9b2666c72,u_792e901d96,ring_22
u_e9b2666c72,u_d8d465ef2e,ring_22
u_e9b2666c72,u_17581cebcb,ring_22
u_e9b2666c72,u_5f1e3f332a,ring_22
u_e9b2666c72,u_55d12601f6,ring_22
u_e9b2666c72,u_82c14ba8ee,ring_22
u_e9b2666c72,u_33ec422161,ring_22
u_e9b2666c72,u_bf0e5a0043,ring_22
u_8692cf7122,u_c115dacfed,ring_23
u_8692cf7122,u_db6212ded3,ring_23
u_8692cf7122,u_d63147c7a2,ring_23
u_8692cf7122,u_2bf18964eb,ring_23
u_8692cf7122,u_1e70ed7553,ring_23
u_8692cf7122,u_c1f456f0a8,ring_23
u_8692cf7122,u_e73d591f63,ring_23
u_8692cf7122,u_ce63563a00,ring_23
u_8692cf7122,u_a4d7d2e5d6,ring_23
u_8692cf7122,u_5902357240,ring_23
u_8692cf7122,u_dd956863b3,ring_23
u_8bb9f2ed0f,u_7d838820f2,ring_24
u_8bb9f2ed0f,u_0b4ce083c1,ring_24
u_8bb9f2ed0f,u_b40fc4970c,ring_24
u_8bb9f2ed0f,u_5a399b5379,ring_24
u_8bb9f2ed0f,u_97f9fbca3e,ring_24
u_8bb9f2ed0f,u_38464181f4,ring_24
u_8bb9f2ed0f,u_a887180f0b,ring_24
u_8bb9f2ed0f,u_59ce6aaf8d,ring_24
u_8bb9f2ed0f,u_bef3cc8001,ring_24
u_8bb9f2ed0f,u_e6f63c5b05,ring_24
u_8bb9f2ed0f,u_0bd38c4ef3,ring_24
u_8bb9f2ed0f,u_6050c4fc0b,ring_24
u_4bcfee9398,u_4fca2c98cb,ring_25
u_4bcfee9398,u_ccabb4cd5f,ring_25
u_4bcfee9398,u_cd00498f72,ring_25
u_4bcfee9398,u_46a02947c6,ring_25
u_4bcfee9398,u_0618c3e318,ring_25
u_4bcfee9398,u_a19aff90cd,ring_25
u_0346e74630,u_73b2174967,ring_26
u_0346e74630,u_b4e3319141,ring_26
u_0346e74630,u_53245c1f98,ring_26
u_0346e74630,u_c1856c8c88,ring_26
u_0346e74630,u_728a93f12e,ring_26
u_0346e74630,u_085a943d96,ring_26
u_0346e74630,u_ddb6d69e02,ring_26
u_0346e74630,u_da087a2948,ring_26
u_8ac1bfdca6,u_83c9c8adbf,ring_27
u_8ac1bfdca6,u_21940fa353,ring_27
u_8ac1bfdca6,u_5774dc2880,ring_27
u_8ac1bfdca6,u_5d0c24a80d,ring_27
u_8ac1bfdca6,u_0e21b3002d,ring_27
u_8ac1bfdca6,u_0107fe0f48,ring_27
u_8ac1bfdca6,u_1b1e980d49,ring_27
u_8ac1bfdca6,u_04ee49a57c,ring_27
u_8ac1bfdca6,u_2d4fbd6706,ring_27
u_8ac1bfdca6,u_9f58300dee,ring_27
u_8ac1bfdca6,u_c49c1aaca0,ring_27
u_d6622c86f8,u_fdfd53bf60,ring_28
u_d6622c86f8,u_f6d2c804ca,ring_28
u_d6622c86f8,u_f7401b1e74,ring_28
u_d6622c86f8,u_e914942baf,ring_28
u_d6622c86f8,u_418680dc77,ring_28
u_d6622c86f8,u_2278dd0065,ring_28
u_d6622c86f8,u_5a67b94206,ring_28
u_d6622c86f8,u_26d5e90f18,ring_28
u_623e36e1fe,u_cd63c5fbff,ring_29
u_623e36e1fe,u_1e9f7ec531,ring_29
u_623e36e1fe,u_3eb609a8cf,ring_29
u_623e36e1fe,u_7ba73d2b88,ring_29
u_623e36e1fe,u_5eff436680,ring_29
u_623e36e1fe,u_6b2afd981f,ring_29
u_8f2e5388b6,u_e6b9a6ed28,ring_30
u_8f2e5388b6,u_60f5db8572,ring_30
u_8f2e5388b6,u_092ee7b921,ring_30
u_8f2e5388b6,u_be61596ed0,ring_30
u_8f2e5388b6,u_2aeaebfff1,ring_30
u_8f2e5388b6,u_e737050055,ring_30
u_8f2e5388b6,u_9ebf93cc77,ring_30
u_8f2e5388b6,u_18f44f5177,ring_30
u_8f2e5388b6,u_0899ed02e2,ring_30
u_82957da902,u_cdef84ee52,ring_31
u_82957da902,u_352e3f1f7d,ring_31
u_82957da902,u_2ab5fe0894,ring_31
u_82957da902,u_1366a02933,ring_31
u_08ec4420c9,u_f4387d9585,ring_32
u_08ec4420c9,u_230216a5f4,ring_32
u_08ec4420c9,u_92a2abf8d1,ring_32
u_08ec4420c9,u_d0f08cadf7,ring_32
u_08ec4420c9,u_801bc3be37,ring_32
u_840215035d,u_98923a2f09,ring_33
u_840215035d,u_dad0652c06,ring_33
u_840215035d,u_c6ef3168fc,ring_33
u_840215035d,u_fd658ba215,ring_33
u_840215035d,u_36954e00c5,ring_33
u_840215035d,u_4d71e71cea,ring_33
u_840215035d,u_fb9904de5d,ring_33
u_840215035d,u_8ffbcf592e,ring_33
u_088834f842,u_f7e9e98e2f,ring_34
u_088834f842,u_4f7c8e18ae,ring_34
u_088834f842,u_6259087159,ring_34
u_088834f842,u_53c11f43a8,ring_34
u_088834f842,u_da5014876d,ring_34
u_088834f842,u_989a7cd946,ring_34
u_088834f842,u_e165ff160b,ring_34
u_3ee775debf,u_790a7fae2f,ring_35
u_3ee775debf,u_4b1edcb9bb,ring_35
u_3ee775debf,u_614037c164,ring_35
u_3ee775debf,u_288683b700,ring_35
u_97d82e95fd,u_b25357f7e8,ring_36
u_97d82e95fd,u_4842034494,ring_36
u_97d82e95fd,u_0b5fd6485c,ring_36
u_97d82e95fd,u_b95ee186f6,ring_36
u_97d82e95fd,u_e9c2d96913,ring_36
u_97d82e95fd,u_e5bf9c50d2,ring_36
u_97d82e95fd,u_0ae9065e84,ring_36
u_97d82e95fd,u_a5bccd36b9,ring_36
u_97d82e95fd,u_7a512563ba,ring_36
u_97d82e95fd,u_7951e85158,ring_36
u_41ab8bde10,u_bc8cee49e4,ring_37
u_41ab8bde10,u_f7b4041f04,ring_37
u_41ab8bde10,u_e9ba2eb448,ring_37
u_41ab8bde10,u_e5e99f5a84,ring_37
u_572f4826b1,u_d1d28d0214,ring_38
u_572f4826b1,u_aee4575288,ring_38
u_572f4826b1,u_668d4d7699,ring_38
u_572f4826b1,u_ab62e60a6d,ring_38
u_572f4826b1,u_2739d91c58,ring_38
u_572f4826b1,u_a804ef08a7,ring_38
u_572f4826b1,u_5a2846e579,ring_38
u_572f4826b1,u_0d8a4c552c,ring_38
u_572f4826b1,u_6966990424,ring_38
u_572f4826b1,u_7f921ac868,ring_38
u_f5aebce744,u_0701b38ee2,ring_39
u_f5aebce744,u_6297a6274d,ring_39
u_f5aebce744,u_54830ef814,ring_39
u_f5aebce744,u_3f72332144,ring_39
u_f5aebce744,u_bbd09353f4,ring_39
u_f5aebce744,u_773c34d124,ring_39
u_f5aebce744,u_8af7f7bab3,ring_39
u_f5aebce744,u_a917673c00,ring_39
u_f5aebce744,u_9a7af24ec1,ring_39
u_f5aebce744,u_7583437b16,ring_39
u_f5aebce744,u_7bc756d302,ring_39
u_f5aebce744,u_6d7139ca2e,ring_39
u_f5aebce744,u_1a012bc1c2,ring_39
u_a2ec805106,u_5a5593a226,ring_40
u_a2ec805106,u_0df44e5752,ring_40
u_a2ec805106,u_a824e200cb,ring_40
u_a2ec805106,u_a9c9792374,ring_40
u_a2ec805106,u_dd649212b7,ring_40
u_a2ec805106,u_f8fc8e1ae7,ring_40
u_a2ec805106,u_38f504ccc4,ring_40
u_a2ec805106,u_35c0d4a01c,ring_40
u_a2ec805106,u_1e78f6b5aa,ring_40
u_a2ec805106,u_48ad43dbeb,ring_40
u_a2ec805106,u_f6c2c78782,ring_40
u_a2ec805106,u_2dfa98a52a,ring_40
u_a2ec805106,u_0056e1e75f,ring_40
u_635fa070be,u_d5469f7f17,ring_41
u_635fa070be,u_10c7412644,ring_41
u_635fa070be,u_348c790677,ring_41
u_635fa070be,u_ab8ba9b747,ring_41
u_635fa070be,u_28d83378e0,ring_41
u_635fa070be,u_21f1f86f8b,ring_41
u_635fa070be,u_e7f5a4b456,ring_41
u_635fa070be,u_d44fdbb312,ring_41
u_635fa070be,u_ce01419cb9,ring_41
u_635fa070be,u_b48f577974,ring_41
u_635fa070be,u_9969800ea0,ring_41
u_635fa070be,u_ed4bf77269,ring_41
u_635fa070be,u_1aa3b30f7a,ring_41
u_43f32b22c9,u_58212764d8,ring_42
u_43f32b22c9,u_f794e876f9,ring_42
u_43f32b22c9,u_bf9669e3b9,ring_42
u_43f32b22c9,u_1b0ce6cb81,ring_42
u_6abac31795,u_15c8db51eb,ring_43
u_6abac31795,u_ae2456a004,ring_43
u_6abac31795,u_634dd5a4ec,ring_43
u_6abac31795,u_2ddffaf49c,ring_43
u_6abac31795,u_88b0066f42,ring_43
u_6abac31795,u_66c95b6fc7,ring_43
u_6abac31795,u_9f222b93c2,ring_43
u_6abac31795,u_388de224aa,ring_43
u_6abac31795,u_35867158da,ring_43
u_6abac31795,u_0de5864a82,ring_43
u_2d6bb20691,u_e3fd55a104,ring_44
u_2d6bb20691,u_7042598a2c,ring_44
u_2d6bb20691,u_7c2d32996e,ring_44
u_2d6bb20691,u_cf5a62138d,ring_44
u_2d6bb20691,u_45cb57c513,ring_44
u_2d6bb20691,u_e1f45e7a9b,ring_44
u_2d6bb20691,u_ca6821ac39,ring_44
u_2d6bb20691,u_98aa929fb2,ring_44
u_1916314512,u_7e95508830,ring_45
u_1916314512,u_99b42b95dd,ring_45
u_1916314512,u_6195e6652e,ring_45
u_57554d9659,u_d9257a9acc,ring_46
u_57554d9659,u_76f866589d,ring_46
u_57554d9659,u_6645925b44,ring_46
u_57554d9659,u_802d93ae09,ring_46
u_57554d9659,u_6a33c08c1c,ring_46
u_57554d9659,u_c568b75a8a,ring_46
u_57554d9659,u_aa645ddb96,ring_46
u_57554d9659,u_4d85b03eea,ring_46
u_57554d9659,u_56bca3204b,ring_46
u_57554d9659,u_b0e6c87314,ring_46
u_6acba889ee,u_589a174461,ring_47
u_6acba889ee,u_35dcdc2acb,ring_47
u_6acba889ee,u_044ffa6665,ring_47
u_6acba889ee,u_e04d61d72b,ring_47
u_6acba889ee,u_f3a4fffaaa,ring_47
u_6948abc4c9,u_8aea75c4df,ring_48
u_6948abc4c9,u_b9971bad5e,ring_48
u_6948abc4c9,u_5adcf8dc2a,ring_48
u_6948abc4c9,u_8db3d5cbd6,ring_48
u_6948abc4c9,u_7fa346b2f9,ring_48
u_6948abc4c9,u_54a9f3ff56,ring_48
u_6948abc4c9,u_b4f21c500b,ring_48
u_6948abc4c9,u_d79a3c4dc9,ring_48
u_6948abc4c9,u_74efbe7743,ring_48
u_6948abc4c9,u_6cf28c41a0,ring_48
u_6948abc4c9,u_ce10a1b7e4,ring_48
u_6948abc4c9,u_22fd78c531,ring_48
u_6948abc4c9,u_70714b3463,ring_48
u_8363611ae1,u_c3f3197114,ring_49
u_8363611ae1,u_efb90709aa,ring_49
u_8363611ae1,u_dd47513074,ring_49
u_8363611ae1,u_1121a9df8a,ring_49
u_8363611ae1,u_84e9899209,ring_49
u_8363611ae1,u_229b7a82b5,ring_49
u_8363611ae1,u_b56fb8d386,ring_49
u_8363611ae1,u_fc293e6e3d,ring_49
u_8363611ae1,u_2de243c5aa,ring_49
u_8363611ae1,u_672a3b93a6,ring_49
u_8363611ae1,u_fbfe4fadc6,ring_49
u_8363611ae1,u_2862cec253,ring_49
u_96b225682f,u_dc624bfd63,ring_50
u_96b225682f,u_694e74c3ef,ring_50
u_96b225682f,u_d7be046973,ring_50
u_96b225682f,u_a33abe9927,ring_50
u_96b225682f,u_50e77b56e5,ring_50
u_96b225682f,u_7038f77b95,ring_50
u_bae6d1253d,u_469d3bcc3f,ring_51
u_bae6d1253d,u_8f6cddd0bf,ring_51
u_bae6d1253d,u_6376856613,ring_51
u_bae6d1253d,u_514af9ab6d,ring_51
u_bae6d1253d,u_285fd4a285,ring_51
u_bae6d1253d,u_da3f1aefd5,ring_51
u_a36600fb3f,u_5ee84cafa2,ring_52
u_a36600fb3f,u_e1a7db75cb,ring_52
u_a36600fb3f,u_d912057a11,ring_52
u_a36600fb3f,u_9ab03c84dd,ring_52
u_a36600fb3f,u_aaf201fd88,ring_52
u_a36600fb3f,u_0f94e25e4a,ring_52
u_a36600fb3f,u_702c2e636c,ring_52
u_a36600fb3f,u_4ac0991893,ring_52
u_a36600fb3f,u_ff83a320be,ring_52
u_a36600fb3f,u_77a4adc476,ring_52
u_a36600fb3f,u_7e8f2e993b,ring_52
u_b12d8d8b12,u_eba910062f,ring_53
u_b12d8d8b12,u_ca4659a9d3,ring_53
u_b12d8d8b12,u_9ccdfff904,ring_53
u_b12d8d8b12,u_8fa9123736,ring_53
u_2d39dbe98b,u_02a284467e,ring_54
u_2d39dbe98b,u_65054c5859,ring_54
u_2d39dbe98b,u_e59c30d753,ring_54
u_2d39dbe98b,u_b5772070d9,ring_54
u_2d39dbe98b,u_51b8ff0a68,ring_54
u_2d39dbe98b,u_939891eda7,ring_54
u_2d39dbe98b,u_841cbda242,ring_54
u_2d39dbe98b,u_c747926d42,ring_54
u_2d39dbe98b,u_c46a8db5b1,ring_54
u_2d39dbe98b,u_cada639c3f,ring_54
u_f3b6eafe91,u_5d1f716298,ring_55
u_f3b6eafe91,u_7b56bb4368,ring_55
u_f3b6eafe91,u_b3c1faaff5,ring_55
u_f3b6eafe91,u_a549ec2082,ring_55
u_f3b6eafe91,u_3c5a5689b6,ring_55
u_f3b6eafe91,u_d878d83de4,ring_55
u_f3b6eafe91,u_8af746d339,ring_55
u_f3b6eafe91,u_5c6ddc7660,ring_55
u_d95d1cdf13,u_3c2fc7f335,ring_56
u_d95d1cdf13,u_fdc6f66935,ring_56
u_d95d1cdf13,u_ad1a303370,ring_56
u_d95d1cdf13,u_0fb04f8efd,ring_56
u_d95d1cdf13,u_5f0caa5ec5,ring_56
u_99fb7e928e,u_c57c2147a7,ring_57
u_99fb7e928e,u_08b98b6530,ring_57
u_99fb7e928e,u_df1f9b4bb3,ring_57
u_99fb7e928e,u_4c4ff475b1,ring_57
u_99fb7e928e,u_4f2633da2d,ring_57
u_99fb7e928e,u_00aa6cf931,ring_57
u_99fb7e928e,u_68b76545d0,ring_57
u_ef00897920,u_8bbaae6c52,ring_58
u_ef00897920,u_6fb7fc003e,ring_58
u_ef00897920,u_a4f476e6ce,ring_58
u_ef00897920,u_fb12d1dfdd,ring_58
u_77908ec501,u_251fb946b4,ring_59
u_77908ec501,u_1a314ac89b,ring_59
u_77908ec501,u_1fde2454c4,ring_59
u_77908ec501,u_990b4d8054,ring_59
u_77908ec501,u_bc592328fb,ring_59
u_77908ec501,u_7b459c9fcc,ring_59
u_77908ec501,u_7abeb315b3,ring_59
u_77908ec501,u_794b0ed7f5,ring_59
u_77908ec501,u_f71937e817,ring_59
u_77908ec501,u_35547ac689,ring_59
u_77908ec501,u_d9b3c980ad,ring_59
u_77908ec501,u_359402b75b,ring_59
u_02ce7b4b22,u_da354bf0f4,ring_60
u_02ce7b4b22,u_0828404efa,ring_60
u_02ce7b4b22,u_36270f2995,ring_60
u_02ce7b4b22,u_f3dcba6639,ring_60
u_02ce7b4b22,u_efcf30a76c,ring_60
u_02ce7b4b22,u_1b7e898000,ring_60
u_02ce7b4b22,u_1ecff44edc,ring_60
u_02ce7b4b22,u_b409bcb201,ring_60
u_02ce7b4b22,u_f904104547,ring_60
u_02ce7b4b22,u_71adb9f74c,ring_60
u_02ce7b4b22,u_161f32dab3,ring_60
u_a28a4f77a2,u_8ae09dc9dc,ring_61
u_a28a4f77a2,u_d2f952e18b,ring_61
u_a28a4f77a2,u_8ce31a6b04,ring_61
u_a28a4f77a2,u_e94ed04ed4,ring_61
u_a28a4f77a2,u_5f394dbed3,ring_61
u_a28a4f77a2,u_578debae1f,ring_61
u_a28a4f77a2,u_fd184c696e,ring_61
u_a28a4f77a2,u_73048dc7cc,ring_61
u_a28a4f77a2,u_142d78a1ac,ring_61
u_d8cdaa9881,u_e2edefec01,ring_62
u_d8cdaa9881,u_d7bb5ccfb2,ring_62
u_d8cdaa9881,u_392cdc9b90,ring_62
u_d8cdaa9881,u_49c7315313,ring_62
u_d8cdaa9881,u_7ec6292353,ring_62
u_d80b2296da,u_1d4e4604aa,ring_63
u_d80b2296da,u_e7fbf3282e,ring_63
u_d80b2296da,u_35a0f7e5bc,ring_63
u_d80b2296da,u_28ad0a06bf,ring_63
u_d80b2296da,u_fcb3484d3e,ring_63
u_d80b2296da,u_0d9546d6d2,ring_63
u_d80b2296da,u_bc434630b4,ring_63
u_d80b2296da,u_bf7f4b3b94,ring_63
u_d80b2296da,u_c93ef3a5cf,ring_63
u_aa8f61f9ea,u_20583f23e1,ring_64
u_aa8f61f9ea,u_56bdbc7087,ring_64
u_aa8f61f9ea,u_d29c55c2b7,ring_64
u_aa8f61f9ea,u_c87557d8e7,ring_64
u_aa8f61f9ea,u_03fde9b1cb,ring_64
u_aa8f61f9ea,u_86359d3396,ring_64
u_aa8f61f9ea,u_4d64c5a622,ring_64
u_aa8f61f9ea,u_f05a26285f,ring_64
u_aa8f61f9ea,u_d884a8f32f,ring_64
u_aa8f61f9ea,u_d905524b54,ring_64
u_aa8f61f9ea,u_4dbb12b0a6,ring_64
u_aa8f61f9ea,u_9be89b92e8,ring_64
u_aa8f61f9ea,u_99c90813dc,ring_64
u_b37ea61734,u_d1f58c5bbb,ring_65
u_b37ea61734,u_c6b85b670a,ring_65
u_b37ea61734,u_ca93e1b758,ring_65
u_b37ea61734,u_89dd8b98f0,ring_65
u_b37ea61734,u_4802a14876,ring_65
u_b37ea61734,u_9597f72a2e,ring_65
u_b37ea61734,u_dc2e45df8b,ring_65
u_b37ea61734,u_4b3aadd695,ring_65
u_b37ea61734,u_ecf3412485,ring_65
u_b37ea61734,u_0079136388,ring_65
u_b37ea61734,u_5ffa989eeb,ring_65
u_c73834bb91,u_cb76ba6c77,ring_66
u_c73834bb91,u_b58ec44d42,ring_66
u_c73834bb91,u_098211447d,ring_66
u_c73834bb91,u_4db9245a5f,ring_66
u_c73834bb91,u_30ce2f2a48,ring_66
u_5e889b34f1,u_2f86ac996b,ring_67
u_5e889b34f1,u_2b00765d8b,ring_67
u_5e889b34f1,u_b3f9efd250,ring_67
u_5e889b34f1,u_0b471a924b,ring_67
u_5e889b34f1,u_cd7dd21499,ring_67
u_689982ab57,u_7cee5109e1,ring_68
u_689982ab57,u_48213f8d9c,ring_68
u_689982ab57,u_45e4b0839a,ring_68
u_689982ab57,u_fa97779023,ring_68
u_689982ab57,u_86b4aea106,ring_68
u_689982ab57,u_71d3867100,ring_68
u_689982ab57,u_81e15cd963,ring_68
u_689982ab57,u_ac6941cc6b,ring_68
u_689982ab57,u_52d3bf9d9a,ring_68
u_689982ab57,u_8198ab909b,ring_68
u_689982ab57,u_940bc4c138,ring_68
u_689982ab57,u_1e0e8b8d4a,ring_68
u_d567d3fe37,u_eb18fa20ec,ring_69
u_d567d3fe37,u_2fb519e8b8,ring_69
u_d567d3fe37,u_85102f12ef,ring_69
u_d567d3fe37,u_a7cea5f0ec,ring_69
u_d567d3fe37,u_07265b57d6,ring_69
u_d567d3fe37,u_6b1a510f46,ring_69
u_d567d3fe37,u_0cc713601c,ring_69
u_d567d3fe37,u_48538f9beb,ring_69
u_d567d3fe37,u_b414bda571,ring_69
u_d567d3fe37,u_018e88acfc,ring_69
u_340dc13cb8,u_2b4587156b,ring_70
u_340dc13cb8,u_59375b2ce4,ring_70
u_340dc13cb8,u_1d0b4803c8,ring_70
u_340dc13cb8,u_37e12d223b,ring_70
u_340dc13cb8,u_f7e845185e,ring_70
u_340dc13cb8,u_71ead1be7e,ring_70
u_340dc13cb8,u_19edbd5c6e,ring_70
u_5b848e64d0,u_e5f04c2d47,ring_71
u_5b848e64d0,u_1873ed2ddb,ring_71
u_5b848e64d0,u_cb4996cdcb,ring_71
u_5b848e64d0,u_3bb1285e00,ring_71
u_5b848e64d0,u_446877cf4d,ring_71
u_5b848e64d0,u_f3590a9eec,ring_71
u_5b848e64d0,u_99ffca90cf,ring_71
u_5b848e64d0,u_0f4ac048fc,ring_71
u_5b848e64d0,u_0c75326f41,ring_71
u_987bc40891,u_73cf7a53a1,ring_72
u_987bc40891,u_29f96befe1,ring_72
u_987bc40891,u_7421250235,ring_72
u_987bc40891,u_62b57ecc56,ring_72
u_2257078bc0,u_619b1277f3,ring_73
u_2257078bc0,u_8a8a560757,ring_73
u_2257078bc0,u_a599a99514,ring_73
u_2257078bc0,u_64868f21cf,ring_73
u_2257078bc0,u_fb5b2c0543,ring_73
u_e073705fa6,u_b3e2a74f79,ring_74
u_e073705fa6,u_5437d71749,ring_74
u_e073705fa6,u_ce4a892da2,ring_74
u_e073705fa6,u_77140c1664,ring_74
u_e073705fa6,u_6c56d5524b,ring_74
u_e073705fa6,u_0a276be5d5,ring_74
u_e073705fa6,u_122b6fa377,ring_74
u_e073705fa6,u_37b0312cfd,ring_74
u_e073705fa6,u_0503ebb179,ring_74
u_3cdfa345b9,u_da4eec247d,ring_75
u_3cdfa345b9,u_d2ed5f2ccc,ring_75
u_3cdfa345b9,u_1e0ff239f5,ring_75
u_3cdfa345b9,u_cabb3fa36b,ring_75
u_3cdfa345b9,u_a245287bbb,ring_75
u_3cdfa345b9,u_f4c360e0c8,ring_75
u_3cdfa345b9,u_7c3c98bd4e,ring_75
u_3cdfa345b9,u_cea16fa5fd,ring_75
u_3cdfa345b9,u_e1b7090af5,ring_75
u_3cdfa345b9,u_70d1806acb,ring_75
u_3cdfa345b9,u_e6ec336663,ring_75
u_4fb66e545e,u_2528b1eab3,ring_76
u_4fb66e545e,u_9ee720c98b,ring_76
u_4fb66e545e,u_8eee1e0989,ring_76
u_4fb66e545e,u_e9ac38c76d,ring_76
u_4fb66e545e,u_964e60f6e6,ring_76
u_4fb66e545e,u_2d1d029c10,ring_76
u_4fb66e545e,u_f15f5a7361,ring_76
u_4fb66e545e,u_61845b4e7b,ring_76
u_9293479ed5,u_d1dbcf6e08,ring_77
u_9293479ed5,u_1102f90d33,ring_77
u_9293479ed5,u_1aea5867e7,ring_77
u_9293479ed5,u_17b1438e80,ring_77
u_9293479ed5,u_1639907aad,ring_77
u_9293479ed5,u_051496ba53,ring_77
u_8ad5cf09f9,u_fe9608b87b,ring_78
u_8ad5cf09f9,u_f9943c616f,ring_78
u_8ad5cf09f9,u_92f0daf9e2,ring_78
u_8ad5cf09f9,u_2e272d7e73,ring_78
u_8ad5cf09f9,u_d3e0489566,ring_78
u_8ad5cf09f9,u_b59900c982,ring_78
u_8ad5cf09f9,u_e444af9918,ring_78
u_8ad5cf09f9,u_a93f68af9d,ring_78
u_8ad5cf09f9,u_9025a246d6,ring_78
u_8ad5cf09f9,u_491d195c3f,ring_78
u_3b7d14ff3e,u_c2ca325a10,ring_79
u_3b7d14ff3e,u_23eaf85bd6,ring_79
u_3b7d14ff3e,u_210c863adb,ring_79
u_3b7d14ff3e,u_4cca092bd6,ring_79
u_3b7d14ff3e,u_41cf97fbdb,ring_79
u_3b7d14ff3e,u_d671ec3816,ring_79
u_3b7d14ff3e,u_3b72a08220,ring_79
u_3b7d14ff3e,u_b95ac31a53,ring_79
u_3b7d14ff3e,u_e98a32bd8d,ring_79
u_b396f58855,u_4990d4c96e,ring_80
u_b396f58855,u_23b1d872c9,ring_80
u_b396f58855,u_a02540affc,ring_80
u_e497890bf7,u_93fd887668,ring_81
u_e497890bf7,u_4008224157,ring_81
u_e497890bf7,u_eb1f1a0027,ring_81
u_e497890bf7,u_4ae7472351,ring_81
u_e497890bf7,u_fc880a57c3,ring_81
u_e497890bf7,u_0c2ba6664f,ring_81
u_e497890bf7,u_15133b1155,ring_81
u_e497890bf7,u_439b9adeb9,ring_81
u_e497890bf7,u_78294143f7,ring_81
u_e497890bf7,u_3c387e77f5,ring_81
u_e497890bf7,u_434eca0fec,ring_81
u_9feb531bde,u_f7f2d4c96e,ring_82
u_9feb531bde,u_017387f382,ring_82
u_9feb531bde,u_9f8a2932c4,ring_82
u_9feb531bde,u_f34609dd27,ring_82
u_e10074beef,u_e3b3b52b9f,ring_83
u_e10074beef,u_c7896928fa,ring_83
u_e10074beef,u_5151f4e59f,ring_83
u_e10074beef,u_1f4ce2ab65,ring_83
u_e10074beef,u_001d472f62,ring_83
u_e10074beef,u_9d79936d57,ring_83
u_e99a187adb,u_9acfd333b4,ring_84
u_e99a187adb,u_07d848cd37,ring_84
u_e99a187adb,u_35d811fcf3,ring_84
u_e99a187adb,u_fde832be8e,ring_84
u_e99a187adb,u_68f6386b5c,ring_84
u_e99a187adb,u_9e87d85b95,ring_84
u_e99a187adb,u_cdabe5ba98,ring_84
u_e99a187adb,u_769db52ebe,ring_84
u_e99a187adb,u_9b90e4be4c,ring_84
u_e99a187adb,u_a212424bf0,ring_84
u_e99a187adb,u_19ea82800e,ring_84
u_8cec3d1c20,u_b926e77062,ring_85
u_8cec3d1c20,u_7b894c667b,ring_85
u_8cec3d1c20,u_fe7c7107c5,ring_85
u_8cec3d1c20,u_eb22e3f9bc,ring_85
u_8cec3d1c20,u_bea61731ff,ring_85
u_8cec3d1c20,u_96ddf77d0d,ring_85
u_8cec3d1c20,u_f4ce59cdc7,ring_85
u_8cec3d1c20,u_d09b484234,ring_85
u_8cec3d1c20,u_ebe6b54516,ring_85
u_8cec3d1c20,u_47460809f2,ring_85
u_8cec3d1c20,u_bf4b417a09,ring_85
u_45dbb6ca2a,u_962b2fcd9f,ring_86
u_45dbb6ca2a,u_cd4a142814,ring_86
u_45dbb6ca2a,u_ccba338fd9,ring_86
u_45dbb6ca2a,u_a14de5956b,ring_86
u_45dbb6ca2a,u_ed7636c691,ring_86
u_45dbb6ca2a,u_5eed8351bf,ring_86
u_45dbb6ca2a,u_548cc14ff5,ring_86
u_45dbb6ca2a,u_944548d2db,ring_86
u_45dbb6ca2a,u_8a41d63f73,ring_86
u_599a6faef6,u_7a10ad51d3,ring_87
u_599a6faef6,u_e80ac1aa0c,ring_87
u_599a6faef6,u_c538621192,ring_87
u_599a6faef6,u_88965080a1,ring_87
u_599a6faef6,u_9047a03170,ring_87
u_599a6faef6,u_020a5346b2,ring_87
u_599a6faef6,u_8bf669434b,ring_87
u_599a6faef6,u_6806ed151a,ring_87
u_599a6faef6,u_10587391b8,ring_87
u_50c25a2bf9,u_1944c42d16,ring_88
u_50c25a2bf9,u_18191b363e,ring_88
u_50c25a2bf9,u_58583a1bf2,ring_88
u_50c25a2bf9,u_1be0072e15,ring_88
u_477819077f,u_311e0eb43e,ring_89
u_477819077f,u_9c23cd0fad,ring_89
u_477819077f,u_8cb136129a,ring_89
u_477819077f,u_f9b3c82605,ring_89
u_7cf7f6d116,u_782c806b1d,ring_90
u_7cf7f6d116,u_e963d49905,ring_90
u_7cf7f6d116,u_df9ec4bd54,ring_90
u_effe5545f6,u_cd1064ee94,ring_91
u_effe5545f6,u_d8a8e401b4,ring_91
u_effe5545f6,u_f60f3f95b8,ring_91
u_effe5545f6,u_75a6659bf1,ring_91
u_effe5545f6,u_08c40027e1,ring_91
u_effe5545f6,u_c596c21f4f,ring_91
u_effe5545f6,u_5c4079f621,ring_91
u_effe5545f6,u_ec30bec3a5,ring_91
u_effe5545f6,u_49a598487f,ring_91
u_effe5545f6,u_6715fc25c6,ring_91
u_effe5545f6,u_4ebde23a61,ring_91
u_effe5545f6,u_734600963f,ring_91
u_effe5545f6,u_898a712489,ring_91
u_24dd878dd1,u_07fe5b7e4f,ring_92
u_24dd878dd1,u_56514435b4,ring_92
u_24dd878dd1,u_ad0db940b6,ring_92
u_24dd878dd1,u_87d1fbbaff,ring_92
u_24dd878dd1,u_ef663e45a6,ring_92
u_24dd878dd1,u_74341e2eb0,ring_92
u_24dd878dd1,u_eb4ba948c8,ring_92
u_24dd878dd1,u_b8bfa60057,ring_92
u_24dd878dd1,u_6e5e98a983,ring_92
u_24dd878dd1,u_1ce5a76255,ring_92
u_24dd878dd1,u_307dce8754,ring_92
u_24dd878dd1,u_0a066bc52e,ring_92
u_24dd878dd1,u_5803573846,ring_92
u_addf952ce9,u_778a2cd50f,ring_93
u_addf952ce9,u_4297379cc1,ring_93
u_addf952ce9,u_424d91a8d3,ring_93
u_addf952ce9,u_564d05572e,ring_93
u_addf952ce9,u_2bf928aa65,ring_93
u_addf952ce9,u_b520171a81,ring_93
u_addf952ce9,u_28b85759ff,ring_93
u_addf952ce9,u_dea5cfb64d,ring_93
u_addf952ce9,u_d98823d7e1,ring_93
u_addf952ce9,u_3dc26723e6,ring_93
u_addf952ce9,u_a91e2371ce,ring_93
u_addf952ce9,u_50fec702cc,ring_93
u_addf952ce9,u_85bec38769,ring_93
u_821c06a0bc,u_706270ae37,ring_94
u_821c06a0bc,u_e527513dba,ring_94
u_821c06a0bc,u_5cf5678b48,ring_94
u_821c06a0bc,u_51e9f7e983,ring_94
u_821c06a0bc,u_06be4ef287,ring_94
u_821c06a0bc,u_255b2b9a4a,ring_94
u_821c06a0bc,u_749a2fa4a8,ring_94
u_821c06a0bc,u_5a9aea17f1,ring_94
u_821c06a0bc,u_aa9ced6313,ring_94
u_821c06a0bc,u_e825e296a3,ring_94
u_821c06a0bc,u_2bfd4bf25d,ring_94
u_821c06a0bc,u_7479dffc07,ring_94
u_013e4f48fb,u_815e6fd7f8,ring_95
u_013e4f48fb,u_4e83935c5a,ring_95
u_013e4f48fb,u_2816cfd4ce,ring_95
u_013e4f48fb,u_3c266880ea,ring_95
u_013e4f48fb,u_ed0a9c2675,ring_95
u_013e4f48fb,u_bcd613fcf3,ring_95
u_013e4f48fb,u_93b8783455,ring_95
u_013e4f48fb,u_30ee593f23,ring_95
u_40915ec606,u_06a42ade26,ring_96
u_40915ec606,u_28441e152d,ring_96
u_40915ec606,u_cd9f34a978,ring_96
u_7d4ffe9d69,u_82cd52f95c,ring_97
u_7d4ffe9d69,u_5a6e2c4215,ring_97
u_7d4ffe9d69,u_fefec1f2d9,ring_97
u_7d4ffe9d69,u_d300e88e95,ring_97
u_7d4ffe9d69,u_6e9b5f9ac8,ring_97
u_7d4ffe9d69,u_1e3b08aea7,ring_97
u_7d4ffe9d69,u_d816c33761,ring_97
u_7d4ffe9d69,u_d8c6dc11f0,ring_97
u_7d4ffe9d69,u_8a0688347d,ring_97
u_9c88eca876,u_617dc341e4,ring_98
u_9c88eca876,u_514645fb15,ring_98
u_9c88eca876,u_4cfb8e784f,ring_98
u_9c88eca876,u_d970c719e1,ring_98
u_9c88eca876,u_894e47d3a9,ring_98
u_9c88eca876,u_d2b6e7cbd4,ring_98
u_9c88eca876,u_135f10d0e3,ring_98
u_9c88eca876,u_f6f303f984,ring_98
u_9c88eca876,u_e4ba5277a1,ring_98
u_9c88eca876,u_6a5f5592a8,ring_98
u_9c88eca876,u_a405c13ba8,ring_98
u_9c88eca876,u_c13c39bde6,ring_98
u_9a89c50162,u_907d62d65c,ring_99
u_9a89c50162,u_620936ba42,ring_99
u_9a89c50162,u_2f09e3dc6e,ring_99
u_fb001bbe71,u_dc4ddcfef5,ring_100
u_fb001bbe71,u_4c8716871e,ring_100
u_fb001bbe71,u_3dbdc831d5,ring_100
u_fb001bbe71,u_8437bd34e8,ring_100
u_fb001bbe71,u_8c0aa5b9bd,ring_100
u_fb001bbe71,u_7b424cb53b,ring_100
u_3345e61741,u_42386d3207,ring_101
u_3345e61741,u_d86c691088,ring_101
u_3345e61741,u_76fa4f8256,ring_101
u_3345e61741,u_e8a2146ffb,ring_101
u_3345e61741,u_53c6b0fa20,ring_101
u_3345e61741,u_3eb8bea9da,ring_101
u_3345e61741,u_7c813d1fc4,ring_101
u_3345e61741,u_179fdfa4b3,ring_101
u_3345e61741,u_392ffe8827,ring_101
u_3345e61741,u_1ca6910219,ring_101
u_7d3e08d1a9,u_fd949c535a,ring_102
u_7d3e08d1a9,u_f5787f5d31,ring_102
u_7d3e08d1a9,u_da0de75a8c,ring_102
u_7d3e08d1a9,u_fc139eb287,ring_102
u_7d3e08d1a9,u_99f995d730,ring_102
u_7d3e08d1a9,u_bfe2287ce8,ring_102
u_7d3e08d1a9,u_8d51b37cc2,ring_102
u_7d3e08d1a9,u_4f1d893ff0,ring_102
u_7d3e08d1a9,u_1e3109524f,ring_102
u_7d3e08d1a9,u_ed2bd0a37d,ring_102
u_7d3e08d1a9,u_9f2a308d71,ring_102
u_7d3e08d1a9,u_0bf7449e56,ring_102
u_fa52e63815,u_7abfc68237,ring_103
u_fa52e63815,u_5e6dd07ce3,ring_103
u_fa52e63815,u_e8a2565d71,ring_103
u_fa52e63815,u_81edd772b6,ring_103
u_fa52e63815,u_7a9b511414,ring_103
u_fa52e63815,u_8f5cb2ab65,ring_103
u_bb08972b92,u_22fa1acc63,ring_104
u_bb08972b92,u_19f5b8420f,ring_104
u_bb08972b92,u_ea7593e83d,ring_104
u_bb08972b92,u_42872a840b,ring_104
u_bb08972b92,u_32f945561c,ring_104
u_bb08972b92,u_551fd69855,ring_104
u_bb08972b92,u_567fdf669a,ring_104
u_18422c5d76,u_60b9b5267a,ring_105
u_18422c5d76,u_8d3abed043,ring_105
u_18422c5d76,u_494da337c8,ring_105
u_18422c5d76,u_22d66face8,ring_105
u_18422c5d76,u_045025767a,ring_105
u_5de5cd70ef,u_15095d1e30,ring_106
u_5de5cd70ef,u_69947d081d,ring_106
u_5de5cd70ef,u_70df6c5559,ring_106
u_5de5cd70ef,u_1f46aa287b,ring_106
u_5de5cd70ef,u_7f2469055b,ring_106
u_5de5cd70ef,u_c0455e7337,ring_106
u_5de5cd70ef,u_a20198d7dc,ring_106
u_5de5cd70ef,u_4110ef9eb3,ring_106
u_5de5cd70ef,u_0a9463a72a,ring_106
u_5de5cd70ef,u_b36ecf7a54,ring_106
u_5de5cd70ef,u_c5d972858a,ring_106
u_76cc558801,u_dc26aed094,ring_107
u_76cc558801,u_3a8177ffdc,ring_107
u_76cc558801,u_735d69be0f,ring_107
u_76cc558801,u_8545d68d6a,ring_107
u_76cc558801,u_e0ed0fdde4,ring_107
u_76cc558801,u_043995634d,ring_107
u_76cc558801,u_aadf3619b9,ring_107
u_76cc558801,u_d8dd95bc9e,ring_107
u_484a40d10f,u_afa4aa01b0,ring_108
u_484a40d10f,u_3b0fd94cb4,ring_108
u_484a40d10f,u_734db260f3,ring_108
u_484a40d10f,u_ea77250555,ring_108
u_484a40d10f,u_080c11ad7c,ring_108
u_484a40d10f,u_3ff3d9497b,ring_108
u_484a40d10f,u_eaa43b6f83,ring_108
u_484a40d10f,u_e613d2bc63,ring_108
u_484a40d10f,u_c19ceda76a,ring_108
u_484a40d10f,u_d4c1a251d1,ring_108
u_484a40d10f,u_1e9bacb15d,ring_108
u_484a40d10f,u_7c2962a00a,ring_108
u_484a40d10f,u_ca920bac4c,ring_108
u_4ad262eccf,u_cf136e203a,ring_109
u_4ad262eccf,u_3401c81ea2,ring_109
u_4ad262eccf,u_1bdc33e5ab,ring_109
u_4ad262eccf,u_329486df07,ring_109
u_4ad262eccf,u_7f58870d4c,ring_109
u_cdd569f5ee,u_4629d2af93,ring_110
u_cdd569f5ee,u_614bca312c,ring_110
u_cdd569f5ee,u_8fa3e7d456,ring_110
u_cdd569f5ee,u_0e9a31c24f,ring_110
u_cdd569f5ee,u_b0e5ae01ad,ring_110
u_cdd569f5ee,u_a2a0cf40a2,ring_110
u_cdd569f5ee,u_0812631b22,ring_110
u_cdd569f5ee,u_bf01ce12bb,ring_110
u_cdd569f5ee,u_5799e613d2,ring_110
u_cdd569f5ee,u_3aeb3210da,ring_110
u_cdd569f5ee,u_19aaafd99c,ring_110
u_cdd569f5ee,u_653616bf31,ring_110
u_cdd569f5ee,u_1256558159,ring_110
u_ae32a9995d,u_b5187fec14,ring_111
u_ae32a9995d,u_714dcf514a,ring_111
u_ae32a9995d,u_db274ec345,ring_111
u_ae32a9995d,u_c9c30e32c7,ring_111
u_ae32a9995d,u_45d9bb6b6c,ring_111
u_ae32a9995d,u_6533df3dd5,ring_111
u_ae32a9995d,u_f3b810ddde,ring_111
u_ae32a9995d,u_c801e4a29d,ring_111
u_77420a5ae0,u_d5d4ce8bff,ring_112
u_77420a5ae0,u_2b5661952e,ring_112
u_77420a5ae0,u_104cbb4be9,ring_112
u_77420a5ae0,u_10a6a7bb5a,ring_112
u_77420a5ae0,u_d2e13caf71,ring_112
u_77420a5ae0,u_7e282e4e1e,ring_112
u_77420a5ae0,u_157a2401c9,ring_112
u_29409af1a9,u_394a3a92a2,ring_113
u_29409af1a9,u_432846e32a,ring_113
u_29409af1a9,u_8081f59900,ring_113
u_29409af1a9,u_a2ec417573,ring_113
u_29409af1a9,u_ce30b626e2,ring_113
u_29409af1a9,u_daf80e85f8,ring_113
u_29409af1a9,u_cc04cffcc6,ring_113
u_29409af1a9,u_69774978fb,ring_113
u_29409af1a9,u_e24d2d15ee,ring_113
u_51f36a0148,u_4c4052661c,ring_114
u_51f36a0148,u_0fbb40f049,ring_114
u_51f36a0148,u_ab3cd1904f,ring_114
u_51f36a0148,u_d32461b2c0,ring_114
u_51f36a0148,u_8243460c86,ring_114
u_51f36a0148,u_769293a223,ring_114
u_51f36a0148,u_6d8e98d60c,ring_114
u_51f36a0148,u_35dddffea1,ring_114
u_51f36a0148,u_cd7db1decd,ring_114
u_51f36a0148,u_276438e63d,ring_114
u_b1657d216c,u_110286d0ce,ring_115
u_b1657d216c,u_6993f2c35a,ring_115
u_b1657d216c,u_6d6dd0c62d,ring_115
u_b1657d216c,u_7cfdb02421,ring_115
u_b1657d216c,u_01732fc4c4,ring_115
u_b1657d216c,u_b60fa7b9ea,ring_115
u_b1657d216c,u_7c34c374bb,ring_115
u_b1657d216c,u_66dac9e295,ring_115
u_b1657d216c,u_f64fd109cc,ring_115
u_b1657d216c,u_02d5be0321,ring_115
u_b1657d216c,u_868e2db97a,ring_115
u_b1657d216c,u_6e5cfde3e4,ring_115
u_829b86b192,u_8747ce480f,ring_116
u_829b86b192,u_c07e3049a6,ring_116
u_829b86b192,u_645e4252fb,ring_116
u_829b86b192,u_7207b0816f,ring_116
u_829b86b192,u_3a5823304a,ring_116
u_829b86b192,u_25303a1d77,ring_116
u_f0d84e8c24,u_df429414d8,ring_117
u_f0d84e8c24,u_7f7f0bf46d,ring_117
u_f0d84e8c24,u_5d84b46470,ring_117
u_f0d84e8c24,u_627aebfba8,ring_117
u_aa9a279774,u_9f56048daa,ring_118
u_aa9a279774,u_500bc3b2ee,ring_118
u_aa9a279774,u_926c5a1148,ring_118
u_aa9a279774,u_eba5712815,ring_118
u_aa9a279774,u_f7f50bc56b,ring_118
u_aa9a279774,u_63e17148d7,ring_118
u_aa9a279774,u_e4c2bbf13d,ring_118
u_aa9a279774,u_105333e583,ring_118
u_aa9a279774,u_92cac9b2fd,ring_118
u_aa9a279774,u_2e6e2de7f3,ring_118
u_25fd706f0e,u_8e00fe26f4,ring_119
u_25fd706f0e,u_987848563e,ring_119
u_25fd706f0e,u_3e15fa6b7a,ring_119
u_25fd706f0e,u_042cc2d018,ring_119
u_25fd706f0e,u_99abe0efa7,ring_119
u_25fd706f0e,u_280f48b0c4,ring_119
u_25fd706f0e,u_4b8dc4e54a,ring_119
u_25fd706f0e,u_d75154c7c3,ring_119
u_25fd706f0e,u_1457126926,ring_119
u_ba6c70b343,u_2d8c434562,ring_120
u_ba6c70b343,u_a41b1e07f6,ring_120
u_ba6c70b343,u_fb6f75198b,ring_120
u_ba6c70b343,u_5f42039337,ring_120
u_93ce07a1ea,u_a5ba62ab26,ring_121
u_93ce07a1ea,u_186833c486,ring_121
u_93ce07a1ea,u_ef080d59a1,ring_121
u_93ce07a1ea,u_8d71d67f32,ring_121
u_93ce07a1ea,u_88eda29f92,ring_121
u_93ce07a1ea,u_cfe5ce41a7,ring_121
u_93ce07a1ea,u_51f89a784e,ring_121
u_93ce07a1ea,u_ab9f677a5b,ring_121
u_26d1b34971,u_3099905624,ring_122
u_26d1b34971,u_049e7dcbb0,ring_122
u_26d1b34971,u_fbb50ea667,ring_122
u_26d1b34971,u_b2b1cab1dd,ring_122
u_26d1b34971,u_e61b084a9c,ring_122
u_26d1b34971,u_346561db64,ring_122
u_26d1b34971,u_eec8c6d29e,ring_122
u_26d1b34971,u_ab0d0d1310,ring_122
u_26d1b34971,u_16dddbf9a4,ring_122
u_26d1b34971,u_13b2be1267,ring_122
u_26d1b34971,u_cf72f0bc13,ring_122
u_37e897db35,u_967a44300a,ring_123
u_37e897db35,u_a11b1baf98,ring_123
u_37e897db35,u_9d40833533,ring_123
u_37e897db35,u_6625811bb3,ring_123
u_37e897db35,u_4a4d4d1e33,ring_123
u_37e897db35,u_ddf08ccb47,ring_123
u_1c894ace95,u_5ef9a6328d,ring_124
u_1c894ace95,u_f75f997a53,ring_124
u_1c894ace95,u_8a7ea21637,ring_124
u_1c894ace95,u_c41ff8a469,ring_124
u_1c894ace95,u_07e270cba9,ring_124
u_1c894ace95,u_9c921e13b2,ring_124
u_1c894ace95,u_4fd5accaf7,ring_124
u_1c894ace95,u_7a5d4271e7,ring_124
u_1c894ace95,u_7ebc66ea84,ring_124
u_1c894ace95,u_ec7d29317d,ring_124
u_1c894ace95,u_612bebf167,ring_124
u_1c894ace95,u_b0eefb3b10,ring_124
u_1c894ace95,u_c0c6565bd0,ring_124
u_9a4dc32d09,u_b1d489d5b8,ring_125
u_9a4dc32d09,u_67df9b64f2,ring_125
u_9a4dc32d09,u_c7b5432b3a,ring_125
u_9a4dc32d09,u_ee1ece0c14,ring_125
u_9a4dc32d09,u_cad8f2ff8b,ring_125
u_9a4dc32d09,u_79dc0d54de,ring_125
u_9a4dc32d09,u_88d6058e5a,ring_125
u_9a4dc32d09,u_853031f54b,ring_125
u_9a4dc32d09,u_3d811db812,ring_125
u_b0ce04268e,u_5904b30cf1,ring_126
u_b0ce04268e,u_72a54cb267,ring_126
u_b0ce04268e,u_9ee3e798b6,ring_126
u_b0ce04268e,u_ee33a1b56a,ring_126
u_b0ce04268e,u_7d723cbb15,ring_126
u_b0ce04268e,u_eeb10615c8,ring_126
u_b0ce04268e,u_10dea8a192,ring_126
u_b0ce04268e,u_a5f65afcf9,ring_126
u_b0ce04268e,u_4715f33084,ring_126
u_dc7064158c,u_dfad332e30,ring_127
u_dc7064158c,u_6229cb3cbd,ring_127
u_dc7064158c,u_9ef9c18b5d,ring_127
u_dc7064158c,u_63db5cf30b,ring_127
u_dc7064158c,u_2ad25d43ac,ring_127
u_dc7064158c,u_960a74c27e,ring_127
u_dc7064158c,u_06792f687c,ring_127
u_dc7064158c,u_2ce61a5530,ring_127
u_dc7064158c,u_9ff392a554,ring_127
u_dc7064158c,u_6719b050cb,ring_127
u_3d48f19d68,u_660c82292a,ring_128
u_3d48f19d68,u_7f49df004e,ring_128
u_3d48f19d68,u_9c2dc12360,ring_128
u_3d48f19d68,u_eeb873ed61,ring_128
u_3d48f19d68,u_5faf33ebe1,ring_128
u_3d48f19d68,u_200bbadf7d,ring_128
u_3d48f19d68,u_fdc40edd1a,ring_128
u_3d48f19d68,u_e549dfc366,ring_128
u_f63ef8b2cd,u_d0073889ee,ring_129
u_f63ef8b2cd,u_67653b7cee,ring_129
u_f63ef8b2cd,u_a15b5c0d25,ring_129
u_f63ef8b2cd,u_51d54c0f67,ring_129
u_f63ef8b2cd,u_91dbf80fd7,ring_129
u_f63ef8b2cd,u_50a45e13b0,ring_129
u_f63ef8b2cd,u_dae79cdab3,ring_129
u_f63ef8b2cd,u_3d8c9a5d5d,ring_129
u_f63ef8b2cd,u_c8b84759c2,ring_129
u_f63ef8b2cd,u_541ef272b6,ring_129
u_f63ef8b2cd,u_859972b0a2,ring_129
u_f63ef8b2cd,u_0e95ce02da,ring_129
u_f63ef8b2cd,u_8582e5effc,ring_129
u_3e79f3dcb0,u_39eb02b98e,ring_130
u_3e79f3dcb0,u_8fbd314c92,ring_130
u_3e79f3dcb0,u_96aef5576f,ring_130
u_3cf6533376,u_a24eb0c98d,ring_131
u_3cf6533376,u_9f89555a00,ring_131
u_3cf6533376,u_2d527993f3,ring_131
u_3cf6533376,u_6271b17e92,ring_131
u_3cf6533376,u_21d963f5ee,ring_131
u_3cf6533376,u_9ad7dd70cf,ring_131
u_3cf6533376,u_3f0d0d5778,ring_131
u_3cf6533376,u_6301ef5bf7,ring_131
u_3cf6533376,u_afe83b52b0,ring_131
u_3cf6533376,u_9d9c653853,ring_131
u_4566dd4857,u_accc69d0f0,ring_132
u_4566dd4857,u_a5b475aa34,ring_132
u_4566dd4857,u_2b801ec181,ring_132
u_4566dd4857,u_7776649f17,ring_132
u_532e0bdc82,u_378391443a,ring_133
u_532e0bdc82,u_ec4c01cf1f,ring_133
u_532e0bdc82,u_2b8ef7e062,ring_133
u_532e0bdc82,u_15fef993f2,ring_133
u_532e0bdc82,u_a9a35298e5,ring_133
u_532e0bdc82,u_a36ed16dee,ring_133
u_532e0bdc82,u_24e620b755,ring_133
u_532e0bdc82,u_93ecb3fd56,ring_133
u_532e0bdc82,u_0a70a94671,ring_133
u_532e0bdc82,u_ce978fda95,ring_133
u_532e0bdc82,u_f693e2e1e8,ring_133
u_532e0bdc82,u_52baed1b95,ring_133
u_532e0bdc82,u_9ca69a3ab2,ring_133
u_c182674648,u_c6c566e673,ring_134
u_c182674648,u_3ca15dd452,ring_134
u_c182674648,u_9638823316,ring_134
u_c182674648,u_384ef0bf6f,ring_134
u_c182674648,u_3f46ae9dd8,ring_134
u_c182674648,u_a198e612ff,ring_134
u_c182674648,u_b41778d2d6,ring_134
u_c182674648,u_8a812cdff3,ring_134
u_c182674648,u_4630a88f74,ring_134
u_c182674648,u_2a6c721052,ring_134
u_8241098289,u_1af4308f2b,ring_135
u_8241098289,u_c038135a03,ring_135
u_8241098289,u_1c8df8eb4c,ring_135
u_df5854af83,u_88c757e93f,ring_136
u_df5854af83,u_653c2af2fc,ring_136
u_df5854af83,u_380a3c1181,ring_136
u_df5854af83,u_1205ba99a0,ring_136
u_df5854af83,u_be8e39edb1,ring_136
u_df5854af83,u_79fe72366a,ring_136
u_df5854af83,u_3bd65897a6,ring_136
u_df5854af83,u_111a091eb1,ring_136
u_df5854af83,u_a44a09138b,ring_136
u_df5854af83,u_f5ea5dfce1,ring_136
u_df5854af83,u_704f4244ee,ring_136
u_df5854af83,u_f72178ac7a,ring_136
u_df5854af83,u_97867eb89e,ring_136
u_1d960727c0,u_888cfd345a,ring_137
u_1d960727c0,u_5611501c3e,ring_137
u_1d960727c0,u_571b8a37e4,ring_137
u_1d960727c0,u_0069643a75,ring_137
u_7aca237101,u_c72473a9e5,ring_138
u_7aca237101,u_97f6c7e9a7,ring_138
u_7aca237101,u_3914c3bb6a,ring_138
u_7aca237101,u_844ba2ce29,ring_138
u_7aca237101,u_b6f500ba50,ring_138
u_7aca237101,u_a8501d4727,ring_138
u_7aca237101,u_4f07f7cf43,ring_138
u_7aca237101,u_bc8c3ea985,ring_138
u_7aca237101,u_3e62d54e15,ring_138
u_7aca237101,u_9f370867fe,ring_138
u_7aca237101,u_63994becc7,ring_138
u_7aca237101,u_31cbfbf9ff,ring_138
u_7aca237101,u_c5cdb76d57,ring_138
u_e804b4df02,u_481db383d3,ring_139
u_e804b4df02,u_1450f19e4a,ring_139
u_e804b4df02,u_6718814455,ring_139
u_e804b4df02,u_52d42bd98c,ring_139
u_e804b4df02,u_a7232fb28f,ring_139
u_e804b4df02,u_79e2fb8e45,ring_139
u_e804b4df02,u_ebd7b83fe4,ring_139
u_e804b4df02,u_237a54176c,ring_139
u_287d2f3a0c,u_cea145ddcc,ring_140
u_287d2f3a0c,u_2962b87eff,ring_140
u_287d2f3a0c,u_aa460dc1f9,ring_140
u_287d2f3a0c,u_b1f9823fa4,ring_140
u_a660e5b246,u_6819705251,ring_141
u_a660e5b246,u_dcd552a238,ring_141
u_a660e5b246,u_fb05701009,ring_141
u_a660e5b246,u_87f7fa5480,ring_141
u_a660e5b246,u_3804cf8952,ring_141
u_a660e5b246,u_3dc55a5c19,ring_141
u_a660e5b246,u_db4ab4c860,ring_141
u_a660e5b246,u_2199ecdd79,ring_141
u_a660e5b246,u_f4794224b7,ring_141
u_a660e5b246,u_b712bc6cbd,ring_141
u_a660e5b246,u_dffa66a561,ring_141
u_a660e5b246,u_20a775356d,ring_141
u_09fae5b28d,u_2066c30463,ring_142
u_09fae5b28d,u_a7ca623877,ring_142
u_09fae5b28d,u_d16a36682b,ring_142
u_09fae5b28d,u_2f320c5c87,ring_142
u_09fae5b28d,u_e96c6aa821,ring_142
u_09fae5b28d,u_66ab17496a,ring_142
u_8c5e932fb4,u_86e4caa843,ring_143
u_8c5e932fb4,u_892c2466b3,ring_143
u_8c5e932fb4,u_dc9494ceb0,ring_143
u_8c5e932fb4,u_63832cc705,ring_143
u_8c5e932fb4,u_9fbc39b639,ring_143
u_8c5e932fb4,u_29a6fa61b6,ring_143
u_8c5e932fb4,u_d09cea71e9,ring_143
u_bc31b24624,u_5c411865ff,ring_144
u_bc31b24624,u_8cfb1a11be,ring_144
u_bc31b24624,u_32bdea235a,ring_144
u_bc31b24624,u_2c48dde602,ring_144
u_bc31b24624,u_6b3da04b81,ring_144
u_bc31b24624,u_17b0b90352,ring_144
u_bc31b24624,u_1df3f7f0c7,ring_144
u_bc31b24624,u_43151da0dd,ring_144
u_bc31b24624,u_535d9290c3,ring_144
u_bc31b24624,u_08dda34d93,ring_144
u_bc31b24624,u_53b2c0d69b,ring_144
u_bc31b24624,u_70763c42ac,ring_144
u_bc31b24624,u_052d3ea006,ring_144
u_e57bbe9369,u_4ada293097,ring_145
u_e57bbe9369,u_3fbe2e7ef7,ring_145
u_e57bbe9369,u_5d432ca03b,ring_145
u_b11a07fe1a,u_a2982d0327,ring_146
u_b11a07fe1a,u_a4b34b31a9,ring_146
u_b11a07fe1a,u_0ac5ea2114,ring_146
u_b11a07fe1a,u_4523de6dc6,ring_146
u_b11a07fe1a,u_e8ccf342fc,ring_146
u_b11a07fe1a,u_e22897ab9a,ring_146
u_335a835adc,u_bdba113c6d,ring_147
u_335a835adc,u_2fc004707d,ring_147
u_335a835adc,u_fef2c1d7df,ring_147
u_335a835adc,u_22fae10e78,ring_147
u_c269c175d6,u_1ca32751bc,ring_148
u_c269c175d6,u_a042ae8407,ring_148
u_c269c175d6,u_c732383518,ring_148
u_a2c9b6e397,u_d218380462,ring_149
u_a2c9b6e397,u_233c8e34a8,ring_149
u_a2c9b6e397,u_d8b351f2d8,ring_149
u_a2c9b6e397,u_111de5b3ba,ring_149
u_a2c9b6e397,u_3bad924607,ring_149
u_a2c9b6e397,u_d6ca1a5c3a,ring_149
u_dd3ef18456,u_b01dd87fc9,ring_150
u_dd3ef18456,u_eed18977e3,ring_150
u_dd3ef18456,u_b8a0829774,ring_150
u_dd3ef18456,u_e9860de253,ring_150
u_dd3ef18456,u_37b0acc0af,ring_150
u_dd3ef18456,u_3e132bbd1f,ring_150
u_dd3ef18456,u_6cdc436c05,ring_150
u_dd3ef18456,u_718d5d6f72,ring_150
u_dd3ef18456,u_8824660ae9,ring_150
u_dd3ef18456,u_6b624626bf,ring_150
u_abac4074c1,u_3bc51359e4,ring_151
u_abac4074c1,u_0ef5cba5ab,ring_151
u_abac4074c1,u_3e2272cc4d,ring_151
u_abac4074c1,u_2b3ec7ea37,ring_151
u_abac4074c1,u_163c453e7c,ring_151
u_abac4074c1,u_4e5511265c,ring_151
u_abac4074c1,u_4c8c6b5a91,ring_151
u_abac4074c1,u_dc8c0daee9,ring_151
u_abac4074c1,u_39c6a1e3ab,ring_151
u_abac4074c1,u_ea69e2b3a4,ring_151
u_abac4074c1,u_ef2c430adf,ring_151
u_abac4074c1,u_a1be81ea1d,ring_151
u_0bd181c05f,u_23e43fffde,ring_152
u_0bd181c05f,u_0ec10704b8,ring_152
u_0bd181c05f,u_f074f4a4f8,ring_152
u_0bd181c05f,u_9cf417f6f6,ring_152
u_0bd181c05f,u_e6573d2fcd,ring_152
u_0bd181c05f,u_ff37b6b531,ring_152
u_0bd181c05f,u_f72ea04054,ring_152
u_0bd181c05f,u_d729119c7e,ring_152
u_0bd181c05f,u_817cf18e95,ring_152
u_0bd181c05f,u_03a9ccb353,ring_152
u_0bd181c05f,u_ed5c8bfb11,ring_152
u_0bd181c05f,u_b0c5b084b1,ring_152
u_2bb6dc8654,u_61a8792cf9,ring_153
u_2bb6dc8654,u_bef4db8e01,ring_153
u_2bb6dc8654,u_407f1276f0,ring_153
u_2bb6dc8654,u_ccdf27b58a,ring_153
u_2bb6dc8654,u_1e2dea3bb7,ring_153
u_2bb6dc8654,u_b420246952,ring_153
u_2bb6dc8654,u_aa9fcf81d4,ring_153
u_2bb6dc8654,u_39a00b4f81,ring_153
u_2bb6dc8654,u_1bf1edcbee,ring_153
u_2bb6dc8654,u_1afe11fed9,ring_153
u_2bb6dc8654,u_02b7a6afda,ring_153
u_2bb6dc8654,u_3aa53f660d,ring_153
u_2bb6dc8654,u_fa6794bdf4,ring_153
u_2fa0d97bac,u_5b03e6b8e3,ring_154
u_2fa0d97bac,u_908c4e7f65,ring_154
u_2fa0d97bac,u_70f618826f,ring_154
u_2fa0d97bac,u_02d088cfd9,ring_154
u_2fa0d97bac,u_c81afd483d,ring_154
u_2fa0d97bac,u_f7c2f7bde3,ring_154
u_2fa0d97bac,u_fe7ca80d76,ring_154
u_2fa0d97bac,u_490e33f43e,ring_154
u_0d549e70ce,u_0328d249f5,ring_155
u_0d549e70ce,u_df4605d23b,ring_155
u_0d549e70ce,u_b80387ebe0,ring_155
u_0d549e70ce,u_463c748218,ring_155
u_0d549e70ce,u_0fcf6802bd,ring_155
u_0d549e70ce,u_92e538f5ee,ring_155
u_0d549e70ce,u_6f61854338,ring_155
u_0d549e70ce,u_003df94d24,ring_155
u_0d549e70ce,u_4ba0729471,ring_155
u_0d549e70ce,u_65007f2995,ring_155
u_0d549e70ce,u_8f576afb94,ring_155
u_0d549e70ce,u_82c2691a8a,ring_155
u_aa3a3a77f4,u_dbfa7b0a42,ring_156
u_aa3a3a77f4,u_decb3dbd81,ring_156
u_aa3a3a77f4,u_b84b27cb2e,ring_156
u_aa3a3a77f4,u_4c440203a1,ring_156
u_aa3a3a77f4,u_dd8c6ba67f,ring_156
u_aa3a3a77f4,u_089997c0d3,ring_156
u_aa3a3a77f4,u_207edf8f0d,ring_156
u_aa3a3a77f4,u_2a1b8aa753,ring_156
u_aa3a3a77f4,u_3c1e759f97,ring_156
u_80f5d4ae29,u_c2ad67f21e,ring_157
u_80f5d4ae29,u_45fbdb3895,ring_157
u_80f5d4ae29,u_1fac6e4c91,ring_157
u_982ddb315c,u_b73bfec2e7,ring_158
u_982ddb315c,u_a024463d0b,ring_158
u_982ddb315c,u_36e39cda98,ring_158
u_982ddb315c,u_e2e4aeecdc,ring_158
u_982ddb315c,u_8eb0a5f5d9,ring_158
u_982ddb315c,u_a2d510a220,ring_158
u_982ddb315c,u_8b09551fc1,ring_158
u_982ddb315c,u_9d6d289a9b,ring_158
u_982ddb315c,u_d2ca896c98,ring_158
u_982ddb315c,u_df373ce0b8,ring_158
u_982ddb315c,u_31463e8937,ring_158
u_982ddb315c,u_f358ba903e,ring_158
u_982ddb315c,u_7249b6fe24,ring_158
u_e5d80b293a,u_69fb87dfcc,ring_159
u_e5d80b293a,u_c7217c3fbe,ring_159
u_e5d80b293a,u_805cb3cbfa,ring_159
u_e5d80b293a,u_d2a7522a3c,ring_159
u_e5d80b293a,u_62a3477599,ring_159
u_e5d80b293a,u_cac45b55dc,ring_159
u_e5d80b293a,u_e37433494c,ring_159
u_e5d80b293a,u_bdb6b9ada4,ring_159
u_e5d80b293a,u_919ff99b82,ring_159
u_e5d80b293a,u_bcca274b5b,ring_159
u_e5d80b293a,u_33e6c8355a,ring_159
u_e5d80b293a,u_229f4f930c,ring_159
u_06b6b9b40c,u_d52a8458cb,fam_0
u_06b6b9b40c,u_412963d650,fam_0
u_06b6b9b40c,u_9d36f2685e,fam_0
u_06b6b9b40c,u_76c7de2583,fam_0
u_06b6b9b40c,u_dcf21694dd,fam_0
u_f427837b41,u_8a2e5922ed,fam_1
u_f427837b41,u_e81da46069,fam_1
u_4f74a0f9ce,u_4b85aaf7d4,fam_2
u_4f74a0f9ce,u_d150cd6214,fam_2
u_b358f6fd2c,u_74b7c7b954,fam_3
u_68900689de,u_c5c7148802,fam_4
u_68900689de,u_657ee7e762,fam_4
u_68900689de,u_b608570114,fam_4
u_c28f8e6880,u_e75a0100ae,fam_5
u_c28f8e6880,u_4d20ffe68c,fam_5
u_c28f8e6880,u_b31c47643b,fam_5
u_c28f8e6880,u_ce30ba8b25,fam_5
u_c28f8e6880,u_16d12d42e4,fam_5
u_dc0ef54a41,u_c026ca53ab,fam_6
u_70ab32daf0,u_52c05e3296,fam_7
u_70ab32daf0,u_619253d455,fam_7
u_509242716a,u_ecd2fa3bf6,fam_8
u_509242716a,u_9aa573ddc8,fam_8
u_509242716a,u_4cf0e7597d,fam_8
u_509242716a,u_b6e8d5caee,fam_8
u_6d37795aa4,u_c0af778185,fam_9
u_6d37795aa4,u_b26306c72b,fam_9
u_7a332097fb,u_e70a6e0e12,fam_10
u_7a332097fb,u_5da36fb87d,fam_10
u_e78a4219ef,u_d9962b21d6,fam_11
u_a97cf19c89,u_ee5b597605,fam_12
u_a97cf19c89,u_8711cea80e,fam_12
u_a97cf19c89,u_f2867a94cb,fam_12
u_8e236e1ae4,u_2d840fe8b9,fam_13
u_8e236e1ae4,u_de2d7c3e95,fam_13
u_c870db8b06,u_99d420a9e8,fam_14
u_124b47a83f,u_3763ccc526,fam_15
u_124b47a83f,u_40d5dc077b,fam_15
u_124b47a83f,u_a390ade61e,fam_15
u_124b47a83f,u_4d2d36d329,fam_15
u_124b47a83f,u_166ca0c538,fam_15
u_d809619ed9,u_6ae687138a,fam_16
u_d809619ed9,u_47faf70f75,fam_16
u_d809619ed9,u_359388196d,fam_16
u_0209468d3f,u_54a3b9fa19,fam_17
u_0209468d3f,u_141ba835b8,fam_17
u_e2207caa45,u_f0ace5cec0,fam_18
u_e2207caa45,u_d8ce6e7bf7,fam_18
u_e2207caa45,u_3d79e7152c,fam_18
u_e2207caa45,u_1c39801413,fam_18
u_dedf4ce021,u_d90ec38489,fam_19
u_dedf4ce021,u_d7ced2e436,fam_19
u_dedf4ce021,u_3b68600c8f,fam_19
u_dedf4ce021,u_4079ecc19b,fam_19
u_323b3a32f6,u_97728e4a9b,fam_20
u_323b3a32f6,u_33d96c8d2e,fam_20
u_323b3a32f6,u_3afad4e86f,fam_20
u_4d619e9085,u_4da54696de,fam_21
u_4d619e9085,u_178e36f3bd,fam_21
u_d65463e4da,u_9ce2377911,fam_22
u_d65463e4da,u_a06362e2f9,fam_22
u_d65463e4da,u_35abe4824b,fam_22
u_d65463e4da,u_5d693bc808,fam_22
u_7af84958f9,u_0760e09d83,fam_23
u_7af84958f9,u_580ed9670c,fam_23
u_7af84958f9,u_9a5fc655ec,fam_23
u_4510e3d382,u_14dae4e560,fam_24
u_4510e3d382,u_8b33ef613c,fam_24
u_4510e3d382,u_0a2a92673b,fam_24
u_4510e3d382,u_344d56c0fd,fam_24
u_53f1c72c6c,u_603beb2dea,fam_25
u_53f1c72c6c,u_64a99e41be,fam_25
u_53f1c72c6c,u_246a0467bc,fam_25
u_53f1c72c6c,u_b1ecfa55ee,fam_25
u_53f1c72c6c,u_d7b61b9b96,fam_25
u_0b4091eb91,u_3745caf482,fam_26
u_0b4091eb91,u_acb6e651ea,fam_26
u_dc25ebd4c0,u_302b58dcdf,fam_27
u_dc25ebd4c0,u_cc3cf0df88,fam_27
u_dc25ebd4c0,u_56c85848e4,fam_27
u_dc25ebd4c0,u_c8bcd62675,fam_27
u_84a3938b3c,u_d110c2387d,fam_28
u_924cfc9583,u_3ee7447acc,fam_29
u_924cfc9583,u_8e0399375e,fam_29
u_d5e2db9432,u_8c775b500e,fam_30
u_d5e2db9432,u_a1ff844904,fam_30
u_d5e2db9432,u_c5c922c1df,fam_30
u_d5e2db9432,u_2d5b6828a2,fam_30
u_d5e2db9432,u_43434b7e89,fam_30
u_4f5652b1df,u_1468ff8812,fam_31
u_4f5652b1df,u_e9eb35b9cb,fam_31
u_d1e580cfce,u_6489184390,fam_32
u_f2e4b7d56b,u_b0d9b33f9e,fam_33
u_f2e4b7d56b,u_a6d7f5611b,fam_33
u_f2e4b7d56b,u_b3a8543d71,fam_33
u_76736c09bb,u_2140e8639f,fam_34
u_f46f3a8cb5,u_92dbcb2f74,fam_35
u_f46f3a8cb5,u_23cd07fe90,fam_35
u_f46f3a8cb5,u_376fe75622,fam_35
u_f46f3a8cb5,u_d9cc5d1e87,fam_35
u_1408956ae0,u_f524548685,fam_36
u_1408956ae0,u_004359bae9,fam_36
u_1408956ae0,u_c1fa4eef4f,fam_36
u_1408956ae0,u_b7a46237d9,fam_36
u_1408956ae0,u_7424ac8ca2,fam_36
u_fa1a98bd5a,u_52ec14b2e5,fam_37
u_2d34efc93c,u_6b1f82c608,fam_38
u_2d34efc93c,u_f6909d4bc3,fam_38
u_2d34efc93c,u_68cdb48c34,fam_38
u_121bfd100c,u_9631d8e785,fam_39
u_121bfd100c,u_5153af31c2,fam_39
u_24a0e1cbde,u_95fcf0d999,fam_40
u_24a0e1cbde,u_13f2e36200,fam_40
u_95a4ec434c,u_678e08bafa,fam_41
u_95a4ec434c,u_393ac7d852,fam_41
u_95a4ec434c,u_90c74b1e2d,fam_41
u_95a4ec434c,u_b519af552c,fam_41
u_ed7dfcdc7b,u_6a54412cdd,fam_42
u_ed7dfcdc7b,u_64703c8e59,fam_42
u_e861f2c811,u_b441c2d480,fam_43
u_e861f2c811,u_a9da214ae6,fam_43
u_e861f2c811,u_ccd54b23c3,fam_43
u_36324a5903,u_fd933a1d68,fam_44
u_36324a5903,u_89582a4da6,fam_44
u_36324a5903,u_09bd3a0647,fam_44
u_36324a5903,u_0cd50c5f39,fam_44
u_c27c7c9f09,u_f3b46dd922,fam_45
u_c27c7c9f09,u_6871f4430d,fam_45
u_71bd405748,u_5e1d6f6f9a,fam_46
u_71bd405748,u_4d4698b57b,fam_46
u_71bd405748,u_625182c96e,fam_46
u_71bd405748,u_dc16f07653,fam_46
u_aec17efbe0,u_a67aa78d51,fam_47
u_aec17efbe0,u_a0c2af1277,fam_47
u_aec17efbe0,u_8c8a06c74c,fam_47
u_aec17efbe0,u_7c6d604e14,fam_47
u_aec17efbe0,u_9974fffe2d,fam_47
u_5a143f85b6,u_e631c27277,fam_48
u_5a143f85b6,u_18f8743343,fam_48
u_5a143f85b6,u_4b5662281b,fam_48
u_5a143f85b6,u_3d088792c6,fam_48
u_5a143f85b6,u_6b0ccfcd70,fam_48
u_ff6ef9b043,u_606226b419,fam_49
u_ff6ef9b043,u_938b4098dd,fam_49
u_ff6ef9b043,u_d97d91af28,fam_49
u_a9f9620b83,u_d7347fd94f,fam_50
u_a9f9620b83,u_c09d17c23b,fam_50
u_1821dc98df,u_ff8d9208e7,fam_51
u_1821dc98df,u_58e1ae5955,fam_51
u_1821dc98df,u_ca94847967,fam_51
u_1821dc98df,u_1ee670b683,fam_51
u_1821dc98df,u_902f48061e,fam_51
u_6db07c9c99,u_34c8d30ac4,fam_52
u_da266f4899,u_628011d4b2,fam_53
u_da266f4899,u_c41eaa3227,fam_53
u_da266f4899,u_43384edad1,fam_53
u_69dd98a021,u_5c728288c8,fam_54
u_69dd98a021,u_bc81617c6f,fam_54
u_69dd98a021,u_922f332ddb,fam_54
u_69dd98a021,u_d5ec846b12,fam_54
u_aa91a759a9,u_9974a1627e,fam_55
u_f2658d8c09,u_cbcf4c86e7,fam_56
u_f2658d8c09,u_e6fec05a8c,fam_56
u_f2658d8c09,u_a09927b592,fam_56
u_f2658d8c09,u_ef2c6aa0f6,fam_56
u_49e74e88a3,u_39c841ea00,fam_57
u_49e74e88a3,u_359f1c343e,fam_57
u_49e74e88a3,u_9b53a85723,fam_57
u_49e74e88a3,u_c71e8390e7,fam_57
u_43f7a13894,u_acb0be70d6,fam_58
u_7520175f4e,u_44a31ea2cb,fam_59
u_7520175f4e,u_3178b616af,fam_59
u_ce0f7da36e,u_e4d09068fc,fam_60
u_ce0f7da36e,u_3132919c3f,fam_60
u_ce0f7da36e,u_41da9f0296,fam_60
u_ce0f7da36e,u_8d2e0a6900,fam_60
u_c01865ea27,u_116cecb574,fam_61
u_c01865ea27,u_752657e27a,fam_61
u_72501f535c,u_abb9a16f7d,fam_62
u_67ca3bd9fd,u_ebed1ff136,fam_63
u_67ca3bd9fd,u_ebab33027c,fam_63
u_67ca3bd9fd,u_aabc3fd2da,fam_63
u_adf964a2cb,u_013a894f9d,fam_64
u_adf964a2cb,u_1da9d68569,fam_64
u_adf964a2cb,u_667b738fa9,fam_64
u_adf964a2cb,u_ae89d495f9,fam_64
u_c0d1e7de08,u_81fbdc13b1,fam_65
u_c0d1e7de08,u_bcd16717f1,fam_65
u_c0d1e7de08,u_ac6e4598d0,fam_65
u_c0d1e7de08,u_b5187152a3,fam_65
u_9feba31740,u_8df7ee5693,fam_66
u_9feba31740,u_afcc27f01b,fam_66
u_5821a437ce,u_64f40f10ce,fam_67
u_5821a437ce,u_e8bad54923,fam_67
u_5821a437ce,u_bf67e72068,fam_67
u_4abaf439f4,u_525ea18ffd,fam_68
u_4abaf439f4,u_95a6915ef6,fam_68
u_4abaf439f4,u_811b67f9b1,fam_68
u_4abaf439f4,u_20e78c3ce6,fam_68
u_4abaf439f4,u_28b0fa5c4e,fam_68
u_a785aca43c,u_994849316e,fam_69
u_a785aca43c,u_bd41b9cfa9,fam_69
u_a785aca43c,u_4cacec8825,fam_69
u_8363e6233f,u_9b89bbb6e5,fam_70
u_8363e6233f,u_ed22e75d85,fam_70
u_00f51e6caa,u_672f9b5435,fam_71
u_00f51e6caa,u_b83b06ea04,fam_71
u_ca0168286e,u_275f8fa61a,fam_72
u_eb72f35690,u_35b3d0f31d,fam_73
u_adf8c11418,u_d4c8335564,fam_74
u_adf8c11418,u_763c264aaf,fam_74
u_adf8c11418,u_55c60ba219,fam_74
u_adf8c11418,u_b29f103174,fam_74
u_9feb11e624,u_4c8764bdf5,fam_75
u_9feb11e624,u_a6fc583609,fam_75
u_9feb11e624,u_371d4c000b,fam_75
u_cdadf55414,u_87b04843cf,fam_76
u_cdadf55414,u_339fe97972,fam_76
u_4d4738d40d,u_0359580112,fam_77
u_4d4738d40d,u_ba758fa85e,fam_77
u_bbad258b43,u_2783393dfc,fam_78
u_bbad258b43,u_aca1a52d6f,fam_78
u_bbad258b43,u_b524892b53,fam_78
u_323a85e09a,u_1f9db540b9,fam_79
u_cc0a7cde49,u_0dbedc6c71,fam_80
u_cc0a7cde49,u_872d8416a2,fam_80
u_cc0a7cde49,u_df902cc93d,fam_80
u_cc0a7cde49,u_79d2f8414b,fam_80
u_dca9b9244f,u_1165619be1,fam_81
u_dca9b9244f,u_027f130cf5,fam_81
u_dca9b9244f,u_8214a4df64,fam_81
u_dca9b9244f,u_ce61ecfa04,fam_81
u_dca9b9244f,u_30b6aeed40,fam_81
u_b70597a6e5,u_2d3c65727d,fam_82
u_b70597a6e5,u_2c4a4f73eb,fam_82
u_b70597a6e5,u_a2537b4b64,fam_82
u_dbd93bc9a0,u_1d8034938e,fam_83
u_dbd93bc9a0,u_65f3b0f1b6,fam_83
u_dbd93bc9a0,u_bb2e2da419,fam_83
u_dbd93bc9a0,u_dad90ed576,fam_83
u_dbd93bc9a0,u_fe82677c30,fam_83
u_37d6307e50,u_ae83e5115e,fam_84
u_6413d312ab,u_313ec56b2b,fam_85
u_6413d312ab,u_2b81124a2e,fam_85
u_6413d312ab,u_38dcf3ed19,fam_85
u_39a3e0585d,u_4861c58020,fam_86
u_39a3e0585d,u_907e02a620,fam_86
u_39a3e0585d,u_e9925584c3,fam_86
u_681949cb59,u_4c2fc60a95,fam_87
u_681949cb59,u_32145389f6,fam_87
u_681949cb59,u_6f5a1eb1ea,fam_87
u_d7f39cbd68,u_95ee6edbb7,fam_88
u_d7f39cbd68,u_e7ded94b9b,fam_88
u_d7f39cbd68,u_731b3bf169,fam_88
u_df5fda658a,u_811428f414,fam_89
u_c91f623d92,u_5e230ebc2f,fam_90
u_c91f623d92,u_6dbaca986f,fam_90
u_c91f623d92,u_e74c35eea0,fam_90
u_0f03f903ae,u_1f98768d9b,fam_91
u_0f03f903ae,u_e56ea1330a,fam_91
u_0f03f903ae,u_95d8a986dc,fam_91
u_9f6e69e345,u_e5c3b80356,fam_92
u_1e12f9c70b,u_12f065eb28,fam_93
u_1e12f9c70b,u_5385f5e799,fam_93
u_1e12f9c70b,u_a8a41da090,fam_93
u_3c575cb7e5,u_cb12c2b51f,fam_94
u_3c575cb7e5,u_308fdff461,fam_94
u_3c575cb7e5,u_5c9b834aa6,fam_94
u_2d5d94f7d7,u_0090012179,fam_95
u_2d5d94f7d7,u_fbca77985a,fam_95
u_2d5d94f7d7,u_669134fceb,fam_95
u_2d5d94f7d7,u_dbba56db14,fam_95
u_2d5d94f7d7,u_6d92d2d5fd,fam_95
u_ce12346704,u_437668f596,fam_96
u_2ee91e6940,u_83ba64e9e4,fam_97
u_370d387df7,u_0f0e032467,fam_98
u_370d387df7,u_9ae3be2da8,fam_98
u_fbf9a6852f,u_f5b3a1a4a3,fam_99
u_fbf9a6852f,u_d808a5400d,fam_99
u_fbf9a6852f,u_3333d3978e,fam_99
u_c42a9d74d2,u_431b69a32c,fam_100
u_c42a9d74d2,u_b615d0ddfd,fam_100
u_a781b6dd31,u_b6a5309d18,fam_101
u_a781b6dd31,u_aef991a1a7,fam_101
u_a781b6dd31,u_bbf808fba1,fam_101
u_a781b6dd31,u_42f4261779,fam_101
u_946861e82c,u_a9cc1cc4fd,fam_102
u_82239d7616,u_fb4e75f1fd,fam_103
u_82239d7616,u_8e96a58cff,fam_103
u_82239d7616,u_174c34363e,fam_103
u_b4d46e900f,u_da5ed15780,fam_104
u_b4d46e900f,u_609cffa16c,fam_104
u_b4d46e900f,u_bbdb4710f7,fam_104
u_b4d46e900f,u_9229c722f1,fam_104
u_b4d46e900f,u_97695e8d7f,fam_104
u_43c6855603,u_c3b5103fc5,fam_105
u_43c6855603,u_8b06c87a96,fam_105
u_43c6855603,u_7b5653c483,fam_105
u_43c6855603,u_0d0b5f0473,fam_105
u_43c6855603,u_80d8544cc0,fam_105
u_71c8f3baca,u_9dde17efae,fam_106
u_71c8f3baca,u_3dac22f60c,fam_106
u_71c8f3baca,u_d2d528299d,fam_106
u_d2699d6fda,u_651e5dc84b,fam_107
u_d2699d6fda,u_d42924b903,fam_107
u_d2699d6fda,u_40272c9ce7,fam_107
u_d2699d6fda,u_899d8c1e6c,fam_107
u_d2699d6fda,u_c3d5883e11,fam_107
u_b32a22b707,u_97a3a73a1b,fam_108
u_b32a22b707,u_372271746d,fam_108
u_b32a22b707,u_b93ce52920,fam_108
u_b32a22b707,u_7683ef5310,fam_108
u_b32a22b707,u_c38b5423fd,fam_108
u_d6702d5990,u_0b18776a3f,fam_109
u_d6702d5990,u_2d5311f5c6,fam_109
u_d6702d5990,u_a8104b8009,fam_109
u_d6702d5990,u_ff46463115,fam_109
u_e538060cc7,u_89518242f8,fam_110
u_e538060cc7,u_ce2943099f,fam_110
u_addcfa77a1,u_1cc43fe586,fam_111
u_addcfa77a1,u_830e77cd06,fam_111
u_addcfa77a1,u_ab78f53856,fam_111
u_addcfa77a1,u_7aba3b239f,fam_111
u_addcfa77a1,u_bdcb79c52e,fam_111
u_5f2eb5150b,u_31a441f3e6,fam_112
u_5939e8f646,u_cd0a1f8980,fam_113
u_90774223f2,u_c84d72edad,fam_114
u_90774223f2,u_e547d0ebf0,fam_114
u_7de4a79351,u_c4b19e696d,fam_115
u_7de4a79351,u_8a0ed0f1bb,fam_115
u_f7c5ad8a75,u_c9d405aeed,fam_116
u_f7c5ad8a75,u_3a2b1ce3e8,fam_116
u_873af3e073,u_f8b2d3787a,fam_117
u_873af3e073,u_e5854d1377,fam_117
u_873af3e073,u_fcfb8abbdd,fam_117
u_873af3e073,u_5cac4c000e,fam_117
u_873af3e073,u_048250d793,fam_117
u_677e56145e,u_29899bd043,fam_118
u_677e56145e,u_680d6f8ccd,fam_118
u_0dc00ff336,u_106c7d883f,fam_119
u_0dc00ff336,u_28a0f95f21,fam_119
u_9be53c84b3,u_bb341ca91a,fam_120
u_9be53c84b3,u_b09ea01b3a,fam_120
u_9be53c84b3,u_cddac9f2e1,fam_120
u_9be53c84b3,u_f7f3aa4e25,fam_120
u_9be53c84b3,u_0269bcd2a9,fam_120
u_b0bbe54a1d,u_73f01dfd8e,fam_121
u_b0bbe54a1d,u_63168740f8,fam_121
u_96a3a4b373,u_714ab8b1d8,fam_122
u_96a3a4b373,u_378f112c82,fam_122
u_96a3a4b373,u_8a9de9e9ba,fam_122
u_96a3a4b373,u_e71928de42,fam_122
u_08de6bae6c,u_cc87385937,fam_123
u_08de6bae6c,u_0033993320,fam_123
u_08de6bae6c,u_7ce978708a,fam_123
u_5fcf1aacf9,u_fa9ef41c2e,fam_124
u_5fcf1aacf9,u_5c611223d7,fam_124
u_5fcf1aacf9,u_3a794cbe6e,fam_124
u_5fcf1aacf9,u_70b8763642,fam_124
u_da76cba61c,u_c3128ba518,fam_125
u_da76cba61c,u_f1fca7ff6e,fam_125
u_da76cba61c,u_1978476340,fam_125
u_da76cba61c,u_52636f0d99,fam_125
u_ef02ee1700,u_bf64b497eb,fam_126
u_ef02ee1700,u_b61461b72f,fam_126
u_c5d26a9d2a,u_d75f25a8cc,fam_127
u_c5d26a9d2a,u_757e00ac75,fam_127
u_c5d26a9d2a,u_e11176b240,fam_127
u_c5d26a9d2a,u_b8c2f00253,fam_127
u_6f2dd1775e,u_1abbe42018,fam_128
u_19b81fb890,u_e10233e619,fam_129
u_19b81fb890,u_e61fbcd55a,fam_129
u_19b81fb890,u_8800fac982,fam_129
u_908eb393e3,u_bde24ee51f,fam_130
u_908eb393e3,u_b71398ac23,fam_130
u_11086b6c64,u_0ed3f691ed,fam_131
u_11086b6c64,u_50ef03e45f,fam_131
u_f97d17252b,u_6376aff685,fam_132
u_f97d17252b,u_6fc1c04b05,fam_132
u_f97d17252b,u_ed476fba48,fam_132
u_f97d17252b,u_1b02bdf35f,fam_132
u_f97d17252b,u_97047f653e,fam_132
u_6bacdde0f7,u_aa6c647133,fam_133
u_6bacdde0f7,u_353ec1e4fa,fam_133
u_6bacdde0f7,u_9f87466c96,fam_133
u_6bacdde0f7,u_6e8caee086,fam_133
u_6bacdde0f7,u_0f4c62c6c7,fam_133
u_05df301729,u_6b0ed69fed,fam_134
u_e77b0c3c5f,u_043494b3e6,fam_135
u_e77b0c3c5f,u_d83a8e4917,fam_135
u_46f3f129ad,u_649fe5b82c,fam_136
u_46f3f129ad,u_db6783debf,fam_136
u_46f3f129ad,u_94b99ff839,fam_136
u_46f3f129ad,u_bcc026f69a,fam_136
u_46f3f129ad,u_f73b29608c,fam_136
u_771e89fab7,u_6b3718e256,fam_137
u_771e89fab7,u_b77ca8ee66,fam_137
u_771e89fab7,u_5c35167f08,fam_137
u_771e89fab7,u_bbd396cc2d,fam_137
u_771e89fab7,u_59749a250c,fam_137
u_d248554e3d,u_ecf4577431,fam_138
u_30c03c7ddc,u_79844853bf,fam_139
u_30c03c7ddc,u_05cfe2ce79,fam_139
u_30c03c7ddc,u_c6eda774fb,fam_139
u_6ba591b7de,u_faccec5e68,fam_140
u_6ba591b7de,u_3a9a1ed647,fam_140
u_6ba591b7de,u_f3532ee132,fam_140
u_6ba591b7de,u_f099bf506d,fam_140
u_47407c9eb9,u_a4cd1d1a2f,fam_141
u_47407c9eb9,u_43c76bdae9,fam_141
u_47407c9eb9,u_1b50083990,fam_141
u_47407c9eb9,u_c774942eb7,fam_141
u_408a5d2e31,u_6368bd84b0,fam_142
u_408a5d2e31,u_d9666c52ef,fam_142
u_51ec41f083,u_f0f818a6e3,fam_143
u_68b6edeb26,u_45e6b09fdf,fam_144
u_68b6edeb26,u_5f1938131b,fam_144
u_832bade68b,u_2b760a393d,fam_145
u_832bade68b,u_db8423b7cd,fam_145
u_832bade68b,u_7f6ea34c28,fam_145
u_0d39b1c477,u_5d46fd9809,fam_146
u_0d39b1c477,u_0b345e1d4c,fam_146
u_0d39b1c477,u_44b0362335,fam_146
u_0d39b1c477,u_015d6a5518,fam_146
u_0d39b1c477,u_d27d5e8a3d,fam_146
u_c6e7be8e01,u_df887bdfc8,fam_147
u_c6e7be8e01,u_a001aa9cba,fam_147
u_c6e7be8e01,u_617fbdc762,fam_147
u_c6e7be8e01,u_ac6241d78c,fam_147
u_1872bb374b,u_5a832d19ae,fam_148
u_7db1d5ca1c,u_894be79314,fam_149
u_7db1d5ca1c,u_a8ea767942,fam_149
u_7db1d5ca1c,u_990ac5dd41,fam_149
u_22eb266943,u_48a58151d7,fam_150
u_22eb266943,u_049178ac23,fam_150
u_40cded0133,u_b33c66c119,fam_151
u_40cded0133,u_981bce57b8,fam_151
u_40cded0133,u_57241855c8,fam_151
u_40cded0133,u_b2ed1179ac,fam_151
u_28bab4c33c,u_36caf85cd6,fam_152
u_28bab4c33c,u_eef873ec12,fam_152
u_58ddc6940f,u_8e39ee3b60,fam_153
u_58ddc6940f,u_b59329187d,fam_153
u_58ddc6940f,u_5632ad97c3,fam_153
u_6d531f0c2b,u_c3e4d51ce6,fam_154
u_edf6e2ca0b,u_6c79c4d672,fam_155
u_edf6e2ca0b,u_9062b0d573,fam_155
u_edf6e2ca0b,u_ab89a2e093,fam_155
u_f7a50f03fd,u_d468fb9d2e,fam_156
u_f7a50f03fd,u_94c280ae4f,fam_156
u_f7a50f03fd,u_20a7d8fd3b,fam_156
u_02801f96cf,u_9915fd9cc2,fam_157
u_02801f96cf,u_6542c818d9,fam_157
u_02801f96cf,u_3db5f6edf9,fam_157
u_b63f9d633e,u_0576e7d75d,fam_158
u_b63f9d633e,u_5456c9d063,fam_158
u_b63f9d633e,u_0205d581d4,fam_158
u_b63f9d633e,u_8b41ae8c10,fam_158
u_b63f9d633e,u_f403a0414c,fam_158
u_14068d0f30,u_04075848ee,fam_159
u_14068d0f30,u_21234d7925,fam_159
u_14068d0f30,u_c376a4ea05,fam_159
u_14068d0f30,u_64d850a3f7,fam_159
u_14068d0f30,u_7d98b1d9fc,fam_159
u_ec0b1a4281,u_76a322ffe3,fam_160
u_ec0b1a4281,u_3f60234997,fam_160
u_ec0b1a4281,u_fc98c56df9,fam_160
u_080c904220,u_f55eaab0a6,fam_161
u_080c904220,u_da95c47a3e,fam_161
u_080c904220,u_fc66013b7f,fam_161
u_4688b62c9f,u_009f6152ad,fam_162
u_4688b62c9f,u_3b7818496d,fam_162
u_4688b62c9f,u_0f04170225,fam_162
u_4688b62c9f,u_98f615fe9c,fam_162
u_4688b62c9f,u_f7ba4f22c9,fam_162
u_80b45721fc,u_d30a37cfb8,fam_163
u_80b45721fc,u_c85d5fc571,fam_163
u_80b45721fc,u_a3c17f4cde,fam_163
u_80b45721fc,u_568f582fdf,fam_163
u_80b45721fc,u_8a9353ea34,fam_163
u_2e496de9e3,u_cf6d497797,fam_164
u_2e496de9e3,u_358f688c3a,fam_164
u_2e496de9e3,u_2c8d73c555,fam_164
u_2e496de9e3,u_710f2ddc27,fam_164
u_6afe4e8ddc,u_832b7b70cc,fam_165
u_35efa0a6ed,u_feac814b70,fam_166
u_35efa0a6ed,u_9120d5b6e2,fam_166
u_35efa0a6ed,u_a06ea283cb,fam_166
u_35efa0a6ed,u_428723cb9e,fam_166
u_35efa0a6ed,u_f95bfabb4b,fam_166
u_e28eff6b1a,u_48c110a38b,fam_167
u_e28eff6b1a,u_71222bec24,fam_167
u_e28eff6b1a,u_d08a7c0c81,fam_167
u_e28eff6b1a,u_fdf8a6ef30,fam_167
u_78eeb8d4c1,u_0958257c90,fam_168
u_78eeb8d4c1,u_365fe8aa95,fam_168
u_78eeb8d4c1,u_d22dca0e50,fam_168
u_78eeb8d4c1,u_3febbaf831,fam_168
u_f693190050,u_2050e2cc5c,fam_169
u_f693190050,u_04b5b7ed7e,fam_169
u_34ace2724b,u_f6cca421ac,fam_170
u_34ace2724b,u_cd565439cb,fam_170
u_34ace2724b,u_fec04a67ce,fam_170
u_34ace2724b,u_b8ec12c645,fam_170
u_34ace2724b,u_f8a8ac4f25,fam_170
u_e5e6dba8b2,u_dadd023bc2,fam_171
u_e5e6dba8b2,u_d0aa99b622,fam_171
u_e5e6dba8b2,u_c8d69bb63d,fam_171
u_33e3095fa5,u_bf62551e68,fam_172
u_33e3095fa5,u_2e68281fdb,fam_172
u_7eb16315ab,u_88784d7133,fam_173
u_7eb16315ab,u_608c14b3b0,fam_173
u_7eb16315ab,u_ae2152c443,fam_173
u_7eb16315ab,u_b8b6252589,fam_173
u_abf45070c6,u_34b720c058,fam_174
u_abf45070c6,u_1ef3d24a2b,fam_174
u_abf45070c6,u_e07f0f717c,fam_174
u_093f75297c,u_9db9153e6e,fam_175
u_1103078111,u_c363209920,fam_176
u_1103078111,u_29ea2d72b4,fam_176
u_6b9a4dd3c7,u_4b2e068f99,fam_177
u_ab40c04f4d,u_369b3253e7,fam_178
u_ab40c04f4d,u_6819aee64d,fam_178
u_ab40c04f4d,u_318617e0d5,fam_178
u_ab40c04f4d,u_ef497838b0,fam_178
u_4e1283393a,u_0fe68bd0e3,fam_179
u_4e1283393a,u_4c97722e30,fam_179
u_4e1283393a,u_56f3a7f9ca,fam_179
u_4e1283393a,u_1f699c758a,fam_179
u_4e1283393a,u_8211cec98a,fam_179
u_adca731790,u_7bbbe24cdd,fam_180
u_adca731790,u_21e569fd92,fam_180
u_cc89f32b47,u_03578896b7,fam_181
u_cc89f32b47,u_abf947b595,fam_181
u_cc89f32b47,u_fc1d955dcc,fam_181
u_cc89f32b47,u_c6ccbf4116,fam_181
u_cc89f32b47,u_7f33522913,fam_181
u_a65a382934,u_0c02a6d5de,fam_182
u_a65a382934,u_05da2c5895,fam_182
u_bccf20a72d,u_9d53a6287c,fam_183
u_bccf20a72d,u_54607f20c3,fam_183
u_105c517606,u_0a7ab443f7,fam_184
u_105c517606,u_4dcb5ce6c2,fam_184
u_105c517606,u_5174760267,fam_184
u_105c517606,u_607eb9b4ae,fam_184
u_45da963928,u_c521975eef,fam_185
u_dbbbed95da,u_6b21ca61da,fam_186
u_dbbbed95da,u_a76cc6de1c,fam_186
u_10e3df9bdb,u_2918145d86,fam_187
u_10e3df9bdb,u_6822972a1c,fam_187
u_291824fe6b,u_d8ef68a929,fam_188
u_291824fe6b,u_6f28270cbc,fam_188
u_58031fcc87,u_0f81b5bacb,fam_189
u_58031fcc87,u_c228a5dd25,fam_189
u_58031fcc87,u_18bce194fc,fam_189
u_58031fcc87,u_e8f3f8a83d,fam_189
u_d1cb750390,u_cf214b6185,fam_190
u_acf021586a,u_3cfd1beae1,fam_191
u_acf021586a,u_f3d7e5236f,fam_191
u_40db564cb0,u_85b0e39de5,fam_192
u_40db564cb0,u_98786c50fd,fam_192
u_40db564cb0,u_d71974299c,fam_192
u_40db564cb0,u_4ba891fa75,fam_192
u_40db564cb0,u_649efcc927,fam_192
u_9b5398f913,u_80e843b409,fam_193
u_9b5398f913,u_9cbb92852a,fam_193
u_c92a9c69c2,u_edb8145a3c,fam_194
u_c92a9c69c2,u_55c78df7c5,fam_194
u_c92a9c69c2,u_16357c792b,fam_194
u_c92a9c69c2,u_87db622347,fam_194
u_655e0fe4a6,u_b6dc495273,fam_195
u_655e0fe4a6,u_412a87d8e1,fam_195
u_655e0fe4a6,u_6d4ddd5652,fam_195
u_655e0fe4a6,u_d59284a625,fam_195
u_655e0fe4a6,u_7ecbd5c8c9,fam_195
u_f7d7a9cba3,u_7d741f290a,fam_196
u_f7d7a9cba3,u_e2a5485b5b,fam_196
u_aa45a87cec,u_780298adbe,fam_197
u_aa45a87cec,u_b9a374cbdc,fam_197
u_cc69a352a8,u_45a146280b,fam_198
u_cc69a352a8,u_11f85309d2,fam_198
u_cc69a352a8,u_ea729ab2d4,fam_198
u_c3cb398007,u_0eefcc65bb,fam_199
u_c3cb398007,u_341a4ece28,fam_199
u_c3cb398007,u_7df2647afd,fam_199
u_c3cb398007,u_2a15a0c37c,fam_199
u_c3cb398007,u_e94f0754e5,fam_199
u_db04b39163,u_a01584f277,fam_200
u_db04b39163,u_0ee1e40a4a,fam_200
u_db04b39163,u_bfe7771314,fam_200
u_db04b39163,u_9df829d676,fam_200
u_db04b39163,u_61988ca9c9,fam_200
u_ef483e715c,u_1b76455d67,fam_201
u_ef483e715c,u_98db03f8be,fam_201
u_ef483e715c,u_1a5d1f99e6,fam_201
u_ef483e715c,u_deae3a233a,fam_201
u_3bf7744bd4,u_c7ed29ef3b,fam_202
u_3bf7744bd4,u_cebdb5c8d4,fam_202
u_a3f3025c2c,u_8e77f9dd0a,fam_203
u_1175586b21,u_ba6f9a3c0a,fam_204
u_1175586b21,u_aa5d5939b5,fam_204
u_98a83d41a0,u_6e93fe92d0,fam_205
u_98a83d41a0,u_62b24b24eb,fam_205
u_98a83d41a0,u_6d8d3a3f71,fam_205
u_98a83d41a0,u_0eb4049c8f,fam_205
u_1619078d5f,u_7ce6b916d6,fam_206
u_1619078d5f,u_4879d5fa8a,fam_206
u_1619078d5f,u_4223421ba8,fam_206
u_c86b808f08,u_bba2440f5c,fam_207
u_c86b808f08,u_05ebaf41d3,fam_207
u_c86b808f08,u_d94120fb48,fam_207
u_c86b808f08,u_53f1832476,fam_207
u_944adbd550,u_d5cb0b1fb5,fam_208
u_944adbd550,u_3f034630b5,fam_208
u_944adbd550,u_46d09c9e5d,fam_208
u_944adbd550,u_f8214b865c,fam_208
u_944adbd550,u_66b2cd9d34,fam_208
u_148149b59c,u_bf61a845d9,fam_209
u_148149b59c,u_bedc5892ed,fam_209
u_148149b59c,u_49d4d5d100,fam_209
u_148149b59c,u_aa8fc01a0e,fam_209
u_bb6600cf66,u_78685a3174,fam_210
u_bb6600cf66,u_48cd3dfbec,fam_210
u_bb6600cf66,u_5fb7b5347a,fam_210
u_4d70ad95ea,u_33c246721f,fam_211
u_4d70ad95ea,u_ac842bff08,fam_211
u_4d70ad95ea,u_68b09bf6d6,fam_211
u_4d70ad95ea,u_5a6b69361f,fam_211
u_4d70ad95ea,u_639ee98264,fam_211
u_213ae56ae3,u_db7881aa8d,fam_212
u_213ae56ae3,u_d0ff455919,fam_212
u_213ae56ae3,u_adba32132e,fam_212
u_fa7b101a7f,u_bfd4406ada,fam_213
u_3c588cb341,u_c2cd6098eb,fam_214
u_3c588cb341,u_95207335f6,fam_214
u_42b5dddb56,u_f07b647181,fam_215
u_00e2744eca,u_e8b969dc4e,fam_216
u_00e2744eca,u_4effd85312,fam_216
u_00e2744eca,u_ba484a915b,fam_216
u_b3b631ea9d,u_3014fa3f61,fam_217
u_b3b631ea9d,u_197d5fd5bb,fam_217
u_b3b631ea9d,u_97277307dd,fam_217
u_45f0250e00,u_c4375c2ad1,fam_218
u_05b912c264,u_0fc9843e3c,fam_219
u_05b912c264,u_223896bb09,fam_219
u_05b912c264,u_59cbd16ab3,fam_219
u_05b912c264,u_52012ca286,fam_219
u_05b912c264,u_8848933a0d,fam_219
u_d78e22ba7b,u_4aa00195f7,fam_220
u_41d3df7ccc,u_8adfb4019a,fam_221
u_0bab8c46b1,u_33afd84b0b,fam_222
u_0bab8c46b1,u_9821b1eb3c,fam_222
u_0bab8c46b1,u_f3cb7021cf,fam_222
u_0bab8c46b1,u_e7df46ee05,fam_222
u_0bab8c46b1,u_a908928027,fam_222
u_afb0c768be,u_6282ab053e,fam_223
u_afb0c768be,u_4e73f37211,fam_223
u_afb0c768be,u_04fc987ddd,fam_223
u_afb0c768be,u_8e29282c45,fam_223
u_1505b72033,u_9d3ea8f48d,fam_224
u_1505b72033,u_cdfedb5f36,fam_224
u_81430822f4,u_b470767c8a,fam_225
u_81430822f4,u_7dde5c93f6,fam_225
u_81430822f4,u_aee3077176,fam_225
u_81430822f4,u_6c29aeb0b1,fam_225
u_fe68142d60,u_ced67f57f4,fam_226
u_fe68142d60,u_022647fc9d,fam_226
u_8a9401326c,u_5e1edb0f72,fam_227
u_8a9401326c,u_d01746cfc6,fam_227
u_8a9401326c,u_e2fde5c513,fam_227
u_a7ea17840c,u_db2c89dcd1,fam_228
u_a7ea17840c,u_3be4208818,fam_228
u_a7ea17840c,u_480b21e108,fam_228
u_a7ea17840c,u_b7ae707db7,fam_228
u_145c6c8e1d,u_9f9ecd6941,fam_229
u_145c6c8e1d,u_af5e61cb4a,fam_229
u_145c6c8e1d,u_007f2ed4a0,fam_229
u_ab19199774,u_d48e1c317a,fam_230
u_ab19199774,u_2bf2c2ef35,fam_230
u_daf8d9f1c4,u_5b79af7818,fam_231
u_daf8d9f1c4,u_2c050970d6,fam_231
u_847b38efe2,u_dbe369de45,fam_232
u_847b38efe2,u_b570ce4709,fam_232
u_7b04353c41,u_55f5dbe7bc,fam_233
u_f908bab414,u_a65fe0c495,fam_234
u_f908bab414,u_3ac2669421,fam_234
u_d5245eb7a2,u_e7ebc913d0,fam_235
u_d5245eb7a2,u_b7944c28c0,fam_235
u_e12c410d98,u_962f98a112,fam_236
u_e12c410d98,u_87edaa3e04,fam_236
u_e12c410d98,u_3aecbd50fa,fam_236
u_11ba43f3aa,u_cefc9af46a,fam_237
u_96beba5efd,u_0c660380d2,fam_238
u_96beba5efd,u_98fb14833e,fam_238
u_96beba5efd,u_7442f196b9,fam_238
u_96beba5efd,u_95bb5f739e,fam_238
u_96beba5efd,u_f5b7931ef1,fam_238
u_31632c87b2,u_6642a340db,fam_239
u_31632c87b2,u_17f0caa4de,fam_239
u_31632c87b2,u_e9649fec29,fam_239
u_31632c87b2,u_365c375242,fam_239
u_b89b39e7b9,u_12c5650349,fam_240
u_b89b39e7b9,u_764a4f880d,fam_240
u_b89b39e7b9,u_50eb039e50,fam_240
u_b89b39e7b9,u_75409020e6,fam_240
u_a0970b2319,u_b78fa336b3,fam_241
u_a0970b2319,u_76cdadd1ab,fam_241
u_ffe2ddca72,u_898d12be13,fam_242
u_ffe2ddca72,u_b06f6ebd9a,fam_242
u_ffe2ddca72,u_a3b176b5a4,fam_242
u_ffe2ddca72,u_9e5449326a,fam_242
u_ffe2ddca72,u_f7bc7c503e,fam_242
u_ddf636a192,u_6910ee1763,fam_243
u_ddf636a192,u_718b28814c,fam_243
u_ddf636a192,u_b460abcc6e,fam_243
u_ddf636a192,u_eb7b32776a,fam_243
u_ddf636a192,u_3c464f22c2,fam_243
u_4a9de6a5ac,u_8bac4e04fb,fam_244
u_4a9de6a5ac,u_1d4b06b9c9,fam_244
u_4a9de6a5ac,u_f3d983297e,fam_244
u_4a9de6a5ac,u_63d5fe9b23,fam_244
u_ea9b354071,u_eaa4a8caad,fam_245
u_ea9b354071,u_c81e28f542,fam_245
u_ea9b354071,u_ab5f994b5e,fam_245
u_694d8b4a95,u_138904da5a,fam_246
u_3cc17b75fd,u_d3d1a01ddc,fam_247
u_3cc17b75fd,u_b1bb85b1a0,fam_247
u_3cc17b75fd,u_5e39ea2171,fam_247
u_79d78c33ac,u_2dc0791d91,fam_248
u_79d78c33ac,u_c3dc7491ee,fam_248
u_79d78c33ac,u_ee3eaf9345,fam_248
u_e1f6da8995,u_a563bfb63e,fam_249
u_df6c0a6745,u_8e3ebcf37f,fam_250
u_df6c0a6745,u_84bafe9779,fam_250
u_272d119bb5,u_dd75d87c63,fam_251
u_272d119bb5,u_8b8f4d9b87,fam_251
u_43fbb7e179,u_8d0d1223b0,fam_252
u_43fbb7e179,u_6057340468,fam_252
u_43fbb7e179,u_5f828e1a4d,fam_252
u_43fbb7e179,u_94e0e9e62b,fam_252
u_43fbb7e179,u_e8512a8ab4,fam_252
u_694e585d3d,u_febd72a4e3,fam_253
u_694e585d3d,u_18a027efa0,fam_253
u_694e585d3d,u_c51c8d1969,fam_253
u_99a64790fc,u_78e86b0c00,fam_254
u_99a64790fc,u_87a0eb6f4f,fam_254
u_99a64790fc,u_c2d9531ab7,fam_254
u_79ec94433a,u_982d0637e1,fam_255
u_79ec94433a,u_6280ab39b4,fam_255
u_79ec94433a,u_40680be69d,fam_255
u_79ec94433a,u_6ecbd0e473,fam_255
u_890a6b4c03,u_1d34e3339c,fam_256
u_890a6b4c03,u_3b48e61f5e,fam_256
u_890a6b4c03,u_5222290118,fam_256
u_890a6b4c03,u_199653c00b,fam_256
u_890a6b4c03,u_631f9477f6,fam_256
u_21b7e4a775,u_aae664dee6,fam_257
u_d7328f2117,u_7b7954e3ae,fam_258
u_3c7ed16191,u_4502347655,fam_259
u_3c7ed16191,u_dd7584ad27,fam_259
u_3c7ed16191,u_2b47bb9c5f,fam_259
u_3c7ed16191,u_d46a4c0b8f,fam_259
u_3c7ed16191,u_6cbc10734b,fam_259
u_109034e532,u_dbc3c1098a,fam_260
u_109034e532,u_7e020fceca,fam_260
u_109034e532,u_e83cf36754,fam_260
u_109034e532,u_26f1fd8fc7,fam_260
u_a23813d242,u_46b44b3b1e,fam_261
u_a23813d242,u_126731b47e,fam_261
u_a23813d242,u_10839f3826,fam_261
u_a23813d242,u_dab92bf820,fam_261
u_9227389053,u_1317030e43,fam_262
u_9227389053,u_8369c770e1,fam_262
u_9227389053,u_bec7ed924b,fam_262
u_dd5cb93db9,u_13df71874c,fam_263
u_dd5cb93db9,u_0bdc9ae754,fam_263
u_dd5cb93db9,u_968e6bc7b6,fam_263
u_dd5cb93db9,u_620d9514c8,fam_263
u_5c0aed770d,u_92f64c302c,fam_264
u_5c0aed770d,u_ffbfaeaab2,fam_264
u_5c0aed770d,u_8bd8ff389b,fam_264
u_8f31ffa182,u_bab813c7e3,fam_265
u_8f31ffa182,u_392ca9de55,fam_265
u_35bac85b52,u_d0bde4c6eb,fam_266
u_35bac85b52,u_1aa51c53df,fam_266
u_35bac85b52,u_fc0fccdb77,fam_266
u_9319ebeb51,u_a254018d0c,fam_267
u_9319ebeb51,u_e863b2ec46,fam_267
u_9319ebeb51,u_122b0c3500,fam_267
u_9319ebeb51,u_61612042d0,fam_267
u_ec37a7f6f9,u_e251c16189,fam_268
u_ec37a7f6f9,u_10c1dff022,fam_268
u_ec37a7f6f9,u_54f02833fa,fam_268
u_6587b30b12,u_91221184d6,fam_269
u_6587b30b12,u_94d7c70197,fam_269
u_6587b30b12,u_2eefe643d0,fam_269
u_633368a69e,u_c4904a0891,fam_270
u_633368a69e,u_ffddf4c7fb,fam_270
u_633368a69e,u_652b7da64a,fam_270
u_930e7685a4,u_1518e56d61,fam_271
u_930e7685a4,u_5e2d85a4be,fam_271
u_930e7685a4,u_722e7b6934,fam_271
u_930e7685a4,u_e4a77ac739,fam_271
u_e07724d8c4,u_fb6f7ba377,fam_272
u_587bfcc2c2,u_7dd94eec53,fam_273
u_587bfcc2c2,u_ed4f7b4231,fam_273
u_587bfcc2c2,u_c6461b28dc,fam_273
u_587bfcc2c2,u_d7d22b9ad1,fam_273
u_587bfcc2c2,u_feb5996418,fam_273
u_61b0f02b31,u_ebc069b136,fam_274
u_61b0f02b31,u_59a3d4098e,fam_274
u_61b0f02b31,u_0945838b21,fam_274
u_c66b47e387,u_d5e277ceaf,fam_275
u_c66b47e387,u_7a30aeb392,fam_275
u_c66b47e387,u_b0362cee3a,fam_275
u_c66b47e387,u_235f98ad99,fam_275
u_178f0b4258,u_ecb7d17ad0,fam_276
u_a95d33e25a,u_9c57ae03bf,fam_277
u_a95d33e25a,u_e260a3cdf9,fam_277
u_a95d33e25a,u_b0829bb974,fam_277
u_a95d33e25a,u_4885366c42,fam_277
u_b971571b2c,u_2a9efff36e,fam_278
u_b971571b2c,u_63888ef154,fam_278
u_b971571b2c,u_44bde73171,fam_278
u_b971571b2c,u_5b6bd47f15,fam_278
u_44f7382936,u_07e1da28f7,fam_279
u_914d1c0777,u_a615a08c25,fam_280
u_914d1c0777,u_4df416420a,fam_280
u_914d1c0777,u_50f5eb5fd1,fam_280
u_914d1c0777,u_cf8f493675,fam_280
u_2e589850ef,u_c47b34fd08,fam_281
u_2e589850ef,u_aaa8a89732,fam_281
u_2e589850ef,u_017af1888b,fam_281
u_2e589850ef,u_aac4a1d77a,fam_281
u_9d2381b6c0,u_ff5e2ccefd,fam_282
u_9d2381b6c0,u_79f0fe1a40,fam_282
u_ebecc32259,u_f56b7bc73d,fam_283
u_ebecc32259,u_6800fe0151,fam_283
u_144c593c2d,u_b4bc74a386,fam_284
u_c05b5e7b6c,u_44bd3a2449,fam_285
u_c05b5e7b6c,u_10a04a3916,fam_285
u_c05b5e7b6c,u_5e15ceb626,fam_285
u_c05b5e7b6c,u_07171251b0,fam_285
u_c05b5e7b6c,u_0f00d795b9,fam_285
u_a4888993c9,u_7b194801bc,fam_286
u_a4888993c9,u_452215839e,fam_286
u_d4ce561bc7,u_0c559f608b,fam_287
u_d4ce561bc7,u_bbf7e3269f,fam_287
u_d4ce561bc7,u_54344e3bcf,fam_287
u_e077b61f8a,u_45b097c3c0,fam_288
u_e077b61f8a,u_f2534edbb8,fam_288
u_e077b61f8a,u_adeef05fd6,fam_288
u_e077b61f8a,u_c38c47da51,fam_288
u_e077b61f8a,u_56951f3fe1,fam_288
u_cdd623b5c3,u_fb27fbef94,fam_289
u_cdd623b5c3,u_f2f28b8fa7,fam_289
u_cdd623b5c3,u_9214dab821,fam_289
u_e55dd83e95,u_312165d736,fam_290
u_e55dd83e95,u_3346692fc6,fam_290
u_d88c147914,u_eb810da410,fam_291
u_d88c147914,u_88121ffd66,fam_291
u_d88c147914,u_63e68016d6,fam_291
u_d88c147914,u_3b6b4f2267,fam_291
u_387884337e,u_648a47359a,fam_292
u_a9fa70bdd3,u_945bc2fdbf,fam_293
u_e9acf15695,u_5fa208e0a1,fam_294
u_e9acf15695,u_4f04d701a0,fam_294
u_e9acf15695,u_f0dbf9549c,fam_294
u_e9acf15695,u_5fc45349c8,fam_294
u_1e990b2c33,u_df2e9b2f78,fam_295
u_1e990b2c33,u_3e7e232a89,fam_295
u_1e990b2c33,u_e7e8641f59,fam_295
u_1e990b2c33,u_98721408bc,fam_295
u_a29d2793bd,u_d336e5fa39,fam_296
u_a29d2793bd,u_78eb169d18,fam_296
u_06627de1de,u_400a35b8bf,fam_297
u_06627de1de,u_357b349499,fam_297
u_06627de1de,u_5f2efccec3,fam_297
u_06627de1de,u_af5c5d0094,fam_297
u_06627de1de,u_68917f7724,fam_297
u_ee83122e02,u_dd0c757428,fam_298
u_ee83122e02,u_c301ba89ef,fam_298
u_ee83122e02,u_5bfd463e30,fam_298
u_fc40d7be9c,u_6fa3a00bea,fam_299
u_fc40d7be9c,u_4519005d2f,fam_299
u_fc40d7be9c,u_b9faa6efda,fam_299
u_fc40d7be9c,u_f07bcd4d0d,fam_299
u_fc40d7be9c,u_de5ecb6f17,fam_299
u_60133f4cc8,u_523ef81b98,fam_300
u_60133f4cc8,u_7f243c8cc3,fam_300
u_60133f4cc8,u_74ccace97e,fam_300
u_60133f4cc8,u_5e0c46cc99,fam_300
u_60133f4cc8,u_1cafec9306,fam_300
u_b20809fe1e,u_e12b236922,fam_301
u_b20809fe1e,u_193523cbe3,fam_301
u_b20809fe1e,u_d7171eab95,fam_301
u_14af56e3c1,u_4f34bd7688,fam_302
u_14af56e3c1,u_d9863d0bbc,fam_302
u_14af56e3c1,u_929a09a539,fam_302
u_14af56e3c1,u_d57ee2c092,fam_302
u_4cf76d7852,u_2ac57509f6,fam_303
u_c3869c82df,u_d0704601ee,fam_304
u_c3869c82df,u_31b75b8e69,fam_304
u_c3869c82df,u_f64047792a,fam_304
u_3c29aa1fc7,u_002075effd,fam_305
u_3c29aa1fc7,u_0621c959bf,fam_305
u_3c29aa1fc7,u_7385a3c55a,fam_305
u_3c29aa1fc7,u_bb96fe0161,fam_305
u_6ae4796d9b,u_8545c02ce0,fam_306
u_6ae4796d9b,u_046c5672b7,fam_306
u_6ae4796d9b,u_32b48cddaf,fam_306
u_6ae4796d9b,u_f50e44f84b,fam_306
u_b6e9e32adb,u_5033b3b76f,fam_307
u_b6e9e32adb,u_f342d1f75c,fam_307
u_b6e9e32adb,u_995057c125,fam_307
u_7245a9f960,u_845af48d86,fam_308
u_7245a9f960,u_e4a7068865,fam_308
u_bc0714b98d,u_33bca4f061,fam_309
u_532aa6d1fd,u_76f7ccb1a5,fam_310
u_532aa6d1fd,u_48740e3388,fam_310
u_532aa6d1fd,u_dec7307c76,fam_310
u_4c05518e6d,u_f18e34a081,fam_311
u_4c05518e6d,u_3dada4c7a8,fam_311
u_4c05518e6d,u_d53c866d79,fam_311
u_11000e4b5c,u_fa32e6731b,fam_312
u_11000e4b5c,u_7d3d8e1100,fam_312
u_11000e4b5c,u_1bd3ef7531,fam_312
u_11000e4b5c,u_dbca1ccf8e,fam_312
u_193dee0575,u_9a7a3810a0,fam_313
u_193dee0575,u_ecd9e426be,fam_313
u_193dee0575,u_7ec7a3d4c3,fam_313
u_193dee0575,u_39c676ee3b,fam_313
u_193dee0575,u_0c0dfd43f6,fam_313
u_f6670bea4c,u_5d41dba4c7,fam_314
u_f6670bea4c,u_d974d57543,fam_314
u_f6670bea4c,u_ea5e45d01c,fam_314
u_f6670bea4c,u_45a67dc7ed,fam_314
u_f6670bea4c,u_28b5390ad2,fam_314
u_992f1468cf,u_a7369655ab,fam_315
u_992f1468cf,u_6ecaf88c9d,fam_315
u_22b1311187,u_e1175aca0d,fam_316
u_22b1311187,u_0fa76fb783,fam_316
u_e5ac1ff3e2,u_0dcc77f6e8,fam_317
u_e5ac1ff3e2,u_1372c64b4d,fam_317
u_e5ac1ff3e2,u_a647664ffb,fam_317
u_e5ac1ff3e2,u_e68d1a8c68,fam_317
u_e5ac1ff3e2,u_973ead1709,fam_317
u_fd6801a063,u_973e6192b9,fam_318
u_fd6801a063,u_57567f8a03,fam_318
u_fd6801a063,u_8628719c74,fam_318
u_fd6801a063,u_0e02a838f7,fam_318
u_ddd1220198,u_71d73dcd04,fam_319
u_ddd1220198,u_de79bd999a,fam_319
u_ddd1220198,u_0462c47edd,fam_319
u_7e0293edae,u_8c69c52258,fam_320
u_7e0293edae,u_8c6a8d2f7e,fam_320
u_7e0293edae,u_7e0edf4715,fam_320
u_7e0293edae,u_435a886310,fam_320
u_9132a033a4,u_60ab847d4e,fam_321
u_9132a033a4,u_f303764ee2,fam_321
u_9132a033a4,u_5b194a32b6,fam_321
u_9132a033a4,u_d341863769,fam_321
u_9132a033a4,u_73779eb8e2,fam_321
u_1ad8b8d620,u_9414c09ce0,fam_322
u_8f59239a0b,u_8da4ba91c6,fam_323
u_8f59239a0b,u_5cd0c10c3e,fam_323
u_8f59239a0b,u_6739937d9a,fam_323
u_e4ec277ab3,u_728f2ef869,fam_324
u_e4ec277ab3,u_a79c77fbf5,fam_324
u_e4ec277ab3,u_14b3d2e298,fam_324
u_e4ec277ab3,u_e02dbd81af,fam_324
u_f6538c255d,u_1837be26cd,fam_325
u_f6538c255d,u_07a6aca1c3,fam_325
u_f6538c255d,u_7d9a68ef38,fam_325
u_f6538c255d,u_b478ace524,fam_325
u_e09057561d,u_5ada29607b,fam_326
u_e09057561d,u_1629d08466,fam_326
u_e09057561d,u_a2a2a392c4,fam_326
u_39e75d3aef,u_d6c4bfb32c,fam_327
u_39e75d3aef,u_4f2e0f68c0,fam_327
u_39e75d3aef,u_d949940d8b,fam_327
u_39e75d3aef,u_a1de21f13c,fam_327
u_39e75d3aef,u_51bd29f255,fam_327
u_aed0f63de5,u_3129575b1b,fam_328
u_19aee9ba64,u_6ee9b2ecc5,fam_329
u_19aee9ba64,u_82b2f8caf0,fam_329
u_19aee9ba64,u_75ab9010e6,fam_329
u_19aee9ba64,u_b0f4b93c94,fam_329
u_f9b0f2dc09,u_62c4ccde5e,fam_330
u_f9b0f2dc09,u_675a5553d7,fam_330
u_632799b30b,u_5d333a9afa,fam_331
u_632799b30b,u_3ca8b4a9d2,fam_331
u_c87f765666,u_e8ba7c929d,fam_332
u_c87f765666,u_97e7d2ba7f,fam_332
u_c87f765666,u_b3fd645480,fam_332
u_c87f765666,u_7aaea34fcd,fam_332
u_c87f765666,u_bf2786f080,fam_332
u_3ed249ef91,u_d78c6c4b19,fam_333
u_6d0f3e478a,u_0d9ae4a4b3,fam_334
u_95d751622c,u_c0a1d967d7,fam_335
u_95d751622c,u_5385109bca,fam_335
u_95d751622c,u_0b7364944e,fam_335
u_95d751622c,u_e2a5995cef,fam_335
u_4bbd2c35e0,u_d121c57cda,fam_336
u_4bbd2c35e0,u_d59d731d47,fam_336
u_4bbd2c35e0,u_a966ede8ea,fam_336
u_9411ad865a,u_3564e38338,fam_337
u_9411ad865a,u_23ea44ffcb,fam_337
u_9411ad865a,u_9f878aee90,fam_337
u_0c9e459a0b,u_76aa7791ab,fam_338
u_64d0200a7a,u_476d7c0436,fam_339
u_64d0200a7a,u_7d71e7babf,fam_339
u_64d0200a7a,u_67be7714aa,fam_339
u_64d0200a7a,u_52780ce31f,fam_339
u_64d0200a7a,u_6bce713f8c,fam_339
u_53143634d1,u_8b43129bbe,fam_340
u_53143634d1,u_5158eec3fd,fam_340
u_53143634d1,u_39901b3593,fam_340
u_53143634d1,u_20d78b8c69,fam_340
u_53143634d1,u_0d2608ef26,fam_340
u_4b97379c61,u_6766c2fde2,fam_341
u_a5fefc3ba6,u_cfa8f7255a,fam_342
u_a5fefc3ba6,u_f5cf8eddf6,fam_342
u_a5fefc3ba6,u_a23bed6126,fam_342
u_cc9f73583a,u_f3bda3579a,fam_343
u_cc9f73583a,u_e019259d4d,fam_343
u_cc9f73583a,u_7558268957,fam_343
u_1d08834468,u_833fa7bee0,fam_344
u_1d08834468,u_7d93d60f38,fam_344
u_45a43b886c,u_7feb845ac5,fam_345
u_45a43b886c,u_2b2c6ef4ff,fam_345
u_45a43b886c,u_35d9f53c80,fam_345
u_45a43b886c,u_3fcab87a85,fam_345
u_45a43b886c,u_580722c015,fam_345
u_d7e02594dc,u_62ef42672b,fam_346
u_d7e02594dc,u_afd1a129c0,fam_346
u_d7e02594dc,u_f0234d1b04,fam_346
u_d7e02594dc,u_0a2d39f337,fam_346
u_d7e02594dc,u_79df8a4993,fam_346
u_2d3f66594d,u_38ba61a528,fam_347
u_2d3f66594d,u_1a14f36504,fam_347
u_2d3f66594d,u_cd24bb5de3,fam_347
u_2d3f66594d,u_e46bf724f7,fam_347
u_8a693b3455,u_ebdf716c87,fam_348
u_8a693b3455,u_6e7855d825,fam_348
u_28a2e91e88,u_8ae121f188,fam_349
u_28a2e91e88,u_f4df1f8437,fam_349
u_db5682ead1,u_b92c1c9f5b,fam_350
u_db5682ead1,u_ee297a819d,fam_350
u_4499363d16,u_a551585c9f,fam_351
u_4499363d16,u_24999d2060,fam_351
u_1fd793e273,u_bda743d350,fam_352
u_1fd793e273,u_af61984427,fam_352
u_1fd793e273,u_041714733e,fam_352
u_1fd793e273,u_36e965266b,fam_352
u_046c724278,u_1e38672dec,fam_353
u_046c724278,u_6ccd4b6e8f,fam_353
u_046c724278,u_0de3a38087,fam_353
u_046c724278,u_856e0a2809,fam_353
u_82a9d8a01c,u_d60fbbcb85,fam_354
u_82a9d8a01c,u_80879af649,fam_354
u_02fb9267d0,u_7c5c13d171,fam_355
u_81358b35eb,u_76522b53e3,fam_356
u_81358b35eb,u_5568be9c3e,fam_356
u_81358b35eb,u_840f8f67af,fam_356
u_81358b35eb,u_1eb30b5eb7,fam_356
u_360e4d1223,u_ebe393faf7,fam_357
u_b077470078,u_e3e6344d21,fam_358
u_b077470078,u_6994ef33f8,fam_358
u_b077470078,u_67b6fc5305,fam_358
u_496a0d8bde,u_c6fdc2f8fa,fam_359
u_496a0d8bde,u_8d45eea98e,fam_359
u_496a0d8bde,u_4521ce3f0e,fam_359
u_496a0d8bde,u_637fd56a22,fam_359
u_3cbc07b46f,u_82ddfcf7fd,fam_360
u_3cbc07b46f,u_9f519512d5,fam_360
u_3cbc07b46f,u_83bc56acff,fam_360
u_3cbc07b46f,u_29c31c7afa,fam_360
u_d2f63bf900,u_a69d546c14,fam_361
u_d2f63bf900,u_feea877afd,fam_361
u_da9c195e25,u_f759de4920,fam_362
u_da9c195e25,u_abc5730edc,fam_362
u_da9c195e25,u_12cc6a8b54,fam_362
u_da9c195e25,u_f1a2100ca8,fam_362
u_1714165977,u_acee5032ee,fam_363
u_1714165977,u_6bf08c61d0,fam_363
u_1714165977,u_198e45c173,fam_363
u_1714165977,u_cdeb6afadf,fam_363
u_1714165977,u_eca697d030,fam_363
u_4731a8be46,u_42195112b6,fam_364
u_d78b868723,u_a4dc1e2ec3,fam_365
u_861e4aef46,u_73837ba1eb,fam_366
u_861e4aef46,u_66160305cd,fam_366
u_861e4aef46,u_c3601996b3,fam_366
u_861e4aef46,u_dcfe8e6e0e,fam_366
u_861e4aef46,u_d70457be27,fam_366
u_3d92e2fd1d,u_00496cf228,fam_367
u_3d92e2fd1d,u_c50f018f6a,fam_367
u_cfddc83c41,u_782a485d7b,fam_368
u_a70e028dd1,u_10d2d241b1,fam_369
u_a70e028dd1,u_023ba610a5,fam_369
u_a70e028dd1,u_d2acd05519,fam_369
u_9bbb583980,u_9d94e804a9,fam_370
u_9bbb583980,u_2a504b68e4,fam_370
u_9bbb583980,u_22e5ae46fd,fam_370
u_f3e09766e3,u_7ba7baac10,fam_371
u_73d72bc0de,u_56931a2960,fam_372
u_eedd0df6a9,u_1ee4da455b,fam_373
u_eedd0df6a9,u_f768a90aea,fam_373
u_eedd0df6a9,u_3aec63fd62,fam_373
u_eedd0df6a9,u_041f0169cc,fam_373
u_eedd0df6a9,u_7cad7aa334,fam_373
u_e2c627196a,u_3883486277,fam_374
u_e2c627196a,u_de5bd49569,fam_374
u_95085c68ca,u_9542e011c8,fam_375
u_95085c68ca,u_dda43ac4cf,fam_375
u_e9e71f81c4,u_88334e902d,fam_376
u_e9e71f81c4,u_d12b953da3,fam_376
u_e9e71f81c4,u_8c00e8a3e3,fam_376
u_e9e71f81c4,u_d31a9833bf,fam_376
u_e9e71f81c4,u_9b447f5701,fam_376
u_6e484c3086,u_8156562d87,fam_377
u_6e484c3086,u_40f9dd2996,fam_377
u_6e484c3086,u_1bb59624e7,fam_377
u_6e484c3086,u_d26ad475a6,fam_377
u_d3d5cd786c,u_f8cb9b70ca,fam_378
u_d3d5cd786c,u_29378654f7,fam_378
u_3f24ff9d68,u_0363d6be11,fam_379
u_3f24ff9d68,u_d8ff8ddb2b,fam_379
u_3f24ff9d68,u_eb783ed5ec,fam_379
u_3f24ff9d68,u_c4dc6c614c,fam_379
u_ec7a1c2d46,u_6547c98787,fam_380
u_ec7a1c2d46,u_2bf43a46f8,fam_380
u_ec7a1c2d46,u_679b8a0bef,fam_380
u_ec7a1c2d46,u_9d35bc26c1,fam_380
u_4190e0ee41,u_4ba82edf50,fam_381
u_4190e0ee41,u_71da3e8c49,fam_381
u_4190e0ee41,u_cc3ad9cc42,fam_381
u_4190e0ee41,u_951e5e222c,fam_381
u_951c8e9e54,u_872896a85e,fam_382
u_9a38a465d8,u_d1b75e806c,fam_383
u_9a38a465d8,u_6b7f4ddad7,fam_383
u_9a38a465d8,u_c8d781acd0,fam_383
u_c5bf12e002,u_83eaae0da2,fam_384
u_0d7c76a6c9,u_e62a73e808,fam_385
u_0d7c76a6c9,u_86a0f447b5,fam_385
u_0d7c76a6c9,u_d0d34d8c08,fam_385
u_0d7c76a6c9,u_473cc2a308,fam_385
u_9b3de8bccd,u_3608907233,fam_386
u_9b3de8bccd,u_379efd8a1b,fam_386
u_9b3de8bccd,u_b98715877b,fam_386
u_f5a9bf2de6,u_31dbdad30c,fam_387
u_f5a9bf2de6,u_88e02d3781,fam_387
u_f5a9bf2de6,u_2d39c7c828,fam_387
u_f5a9bf2de6,u_ca3891a08d,fam_387
u_397ae3dbb9,u_855f2bc6c4,fam_388
u_397ae3dbb9,u_4935215a54,fam_388
u_6bde5c348e,u_ae772a3391,fam_389
u_6bde5c348e,u_d368242e85,fam_389
u_eb87f27f86,u_1ff3aa85f5,fam_390
u_eb87f27f86,u_b272f93374,fam_390
u_d933ef18e9,u_2efa79836c,fam_391
u_d933ef18e9,u_f895f5c296,fam_391
u_d933ef18e9,u_efa102da63,fam_391
u_ea6221c646,u_e7fe5bfaa3,fam_392
u_ea6221c646,u_1f68435635,fam_392
u_dfaff80b7f,u_c23a8052ab,fam_393
u_dfaff80b7f,u_3c43024389,fam_393
u_d98427509d,u_9be31ddb2f,fam_394
u_dd7a35c04c,u_341a969a61,fam_395
u_dd7a35c04c,u_d90da3c607,fam_395
u_dd7a35c04c,u_e4fbb0db5b,fam_395
u_dd7a35c04c,u_d726fc3b47,fam_395
u_dd7a35c04c,u_ff2c6fc156,fam_395
u_8edbedecea,u_357c0c4cb0,fam_396
u_8edbedecea,u_f854c4ec59,fam_396
u_8edbedecea,u_8b9e926296,fam_396
u_8de117a627,u_ff09548343,fam_397
u_8de117a627,u_d7858c1b84,fam_397
u_8de117a627,u_9369d1f5e2,fam_397
u_8de117a627,u_4ffbe91673,fam_397
u_8de117a627,u_042666e0a4,fam_397
u_7fffe2dbea,u_251335058f,fam_398
u_3a952ebdaf,u_ce0c38480d,fam_399
u_3a952ebdaf,u_fe530712d2,fam_399
u_386721a05a,u_444034d525,fam_400
u_386721a05a,u_d6503def9f,fam_400
u_386721a05a,u_01f5d8b6d5,fam_400
u_ad8730a4fb,u_c5a0f6599b,fam_401
u_ad8730a4fb,u_ed135c7fd5,fam_401
u_ad8730a4fb,u_2611959e98,fam_401
u_35999b406d,u_673d414c63,fam_402
u_35999b406d,u_074e2bb487,fam_402
u_35999b406d,u_053338c060,fam_402
u_2bbc350c80,u_892a442f89,fam_403
u_2bbc350c80,u_92e2328649,fam_403
u_2bbc350c80,u_1ce27bff81,fam_403
u_2bbc350c80,u_52e62f5e01,fam_403
u_de326d878b,u_5070d19a7b,fam_404
u_dc52c79108,u_f150f12099,fam_405
u_dc52c79108,u_dc6b9cb6da,fam_405
u_dc52c79108,u_525ca5320e,fam_405
u_843cb51df9,u_9eac7a264c,fam_406
u_843cb51df9,u_d5d6a8189e,fam_406
u_843cb51df9,u_22e4db58d4,fam_406
u_712bc99e3a,u_a71c2e46e7,fam_407
u_712bc99e3a,u_461b18889e,fam_407
u_712bc99e3a,u_547bdec1a8,fam_407
u_712bc99e3a,u_89c20b2b63,fam_407
u_712bc99e3a,u_322e6cad99,fam_407
u_97a8182fcf,u_a0f4ecbaab,fam_408
u_952ec69db9,u_f8ad3cdcac,fam_409
u_f41158773c,u_b3051f558c,fam_410
u_f41158773c,u_8109bb2b07,fam_410
u_f41158773c,u_d56f275f03,fam_410
u_f41158773c,u_a1dd110105,fam_410
u_f408213b97,u_18dbb5993a,fam_411
u_f6941bd560,u_c9fcd6bf42,fam_412
u_f6941bd560,u_d2a341dd23,fam_412
u_f6941bd560,u_ba394c3602,fam_412
u_8c47dda301,u_f461091ba1,fam_413
u_8c47dda301,u_54828f5d9f,fam_413
u_8c47dda301,u_a41a09e38d,fam_413
u_8c47dda301,u_93f8d9748f,fam_413
u_5023651be9,u_98774cdea6,fam_414
u_5023651be9,u_5348be93f1,fam_414
u_5023651be9,u_2b5f5d3737,fam_414
u_5023651be9,u_f3ee927a18,fam_414
u_5023651be9,u_66ca913977,fam_414
u_ef629c5518,u_d8fb9183fa,fam_415
u_ef629c5518,u_3969616f71,fam_415
u_04076efcac,u_53c8d6ccc9,fam_416
u_b8f968dc3f,u_4a0dbadb7a,fam_417
u_b8f968dc3f,u_21b496974e,fam_417
u_b8f968dc3f,u_b6b228bf6f,fam_417
u_dadd4b84cb,u_a9ee3be4c5,fam_418
u_dadd4b84cb,u_05b87cf0de,fam_418
u_dadd4b84cb,u_ad390bd764,fam_418
u_dadd4b84cb,u_e5b1fbe38b,fam_418
u_c6e4eb6fd1,u_f48bdc44c2,fam_419
